"gene_symbol";"gene_name";"entrez_id";"total";"ovevrexp";"underexp";"p_value"
"ABCA3";"ATP binding cassette subfamily A member 3";"21";"17";"1";"0";"0.004278705"
"ACTL6A";"actin like 6A";"86";"19";"0";"1";"0.00000024"
"ACYP2";"acylphosphatase 2";"98";"19";"1";"0";"0.000016"
"PARP1";"poly(ADP-ribose) polymerase 1";"142";"17";"0";"1";"0.0000118"
"ADSL";"adenylosuccinate lyase";"158";"19";"0";"1";"0.000273358"
"AEBP1";"AE binding protein 1";"165";"20";"0";"1";"0.00000519"
"CRYBG1";"crystallin beta-gamma domain containing 1";"202";"16";"0";"1";"0.000680977"
"AKR1B1";"aldo-keto reductase family 1 member B";"231";"20";"1";"0";"0.00021949"
"AMPD3";"adenosine monophosphate deaminase 3";"272";"15";"1";"0";"0.002324938"
"AMPH";"amphiphysin";"273";"20";"0";"1";"0.0000498"
"ANGPT1";"angiopoietin 1";"284";"18";"1";"0";"0.000843996"
"SLC25A4";"solute carrier family 25 member 4";"291";"14";"1";"0";"0.001640363"
"SLC25A5";"solute carrier family 25 member 5";"292";"19";"0";"1";"0.001902323"
"ANXA4";"annexin A4";"307";"20";"1";"0";"0.001568256"
"AOX1";"aldehyde oxidase 1";"316";"19";"1";"0";"0.001163626"
"APEX1";"apurinic/apyrimidinic endodeoxyribonuclease 1";"328";"21";"0";"1";"0.0033472"
"BIRC5";"baculoviral IAP repeat containing 5";"332";"19";"0";"1";"0.0000000155"
"APLP1";"amyloid beta precursor like protein 1";"333";"20";"1";"0";"0.00000237"
"APOC1";"apolipoprotein C1";"341";"14";"0";"1";"0.002501721"
"APP";"amyloid beta precursor protein";"351";"19";"1";"0";"0.001163626"
"FAS";"Fas cell surface death receptor";"355";"18";"1";"0";"0.000843996"
"ARF4";"ADP ribosylation factor 4";"378";"20";"1";"0";"0.001568256"
"RND3";"Rho family GTPase 3";"390";"20";"1";"0";"0.001568256"
"STS";"steroid sulfatase";"412";"20";"1";"0";"0.001568256"
"ASAH1";"N-acylsphingosine amidohydrolase 1";"427";"19";"1";"0";"0.000016"
"ASNS";"asparagine synthetase (glutamine-hydrolyzing)";"440";"19";"0";"1";"0.000032"
"ATP2B4";"ATPase plasma membrane Ca2+ transporting 4";"493";"20";"1";"0";"0.0000251"
"ATP5F1C";"ATP synthase F1 subunit gamma";"509";"20";"0";"1";"0.002548858"
"ATP6V1A";"ATPase H+ transporting V1 subunit A";"523";"21";"1";"0";"0.0000382"
"ATP6V0C";"ATPase H+ transporting V0 subunit c";"527";"20";"1";"0";"0.00021949"
"ATP6AP1";"ATPase H+ transporting accessory protein 1";"537";"21";"1";"0";"0.0000039"
"BARD1";"BRCA1 associated RING domain 1";"580";"17";"0";"1";"0.000120396"
"CCND1";"cyclin D1";"595";"18";"1";"0";"0.000000777"
"BCS1L";"BCS1 homolog, ubiquinol-cytochrome c reductase complex chaperone";"617";"20";"0";"1";"0.00039374"
"BGN";"biglycan";"633";"20";"0";"1";"0.002548858"
"BLM";"BLM RecQ like helicase";"641";"17";"0";"1";"0.000120396"
"BPGM";"bisphosphoglycerate mutase";"669";"21";"1";"0";"0.00031014"
"BRCA1";"BRCA1 DNA repair associated";"672";"17";"0";"1";"0.000986749"
"BTC";"betacellulin";"685";"17";"1";"0";"0.004278705"
"BUB1";"BUB1 mitotic checkpoint serine/threonine kinase";"699";"18";"0";"1";"0.000000007"
"BUB1B";"BUB1 mitotic checkpoint serine/threonine kinase B";"701";"17";"0";"1";"0.0000118"
"C1QBP";"complement C1q binding protein";"708";"16";"0";"1";"0.0000757"
"C3";"complement C3";"718";"15";"1";"0";"0.002324938"
"SLC25A20";"solute carrier family 25 member 20";"788";"19";"1";"0";"0.000151463"
"CALD1";"caldesmon 1";"800";"20";"1";"0";"0.0000251"
"CASP1";"caspase 1";"834";"18";"0";"1";"0.001387913"
"CAV2";"caveolin 2";"858";"16";"1";"0";"0.003195709"
"RUNX1T1";"RUNX1 partner transcriptional co-repressor 1";"862";"21";"0";"1";"0.0033472"
"CBR3";"carbonyl reductase 3";"874";"18";"0";"1";"0.001387913"
"CBS";"cystathionine beta-synthase";"875";"11";"0";"1";"0.006447211"
"CCNA2";"cyclin A2";"890";"21";"0";"1";"0.000000000226"
"CCNB1";"cyclin B1";"891";"16";"0";"1";"0.00000666"
"CCND2";"cyclin D2";"894";"19";"1";"0";"0.001163626"
"CCNF";"cyclin F";"899";"16";"0";"1";"0.000000465"
"CCNG1";"cyclin G1";"900";"18";"1";"0";"0.000843996"
"CD36";"CD36 molecule";"948";"19";"1";"0";"0.000151463"
"CD81";"CD81 molecule";"975";"21";"1";"0";"0.00031014"
"CDK1";"cyclin dependent kinase 1";"983";"19";"0";"1";"0.0000000155"
"CDC6";"cell division cycle 6";"990";"21";"0";"1";"0.000000799"
"CDC20";"cell division cycle 20";"991";"16";"0";"1";"0.000000465"
"CDC25B";"cell division cycle 25B";"994";"21";"0";"1";"0.00000849"
"CDC25C";"cell division cycle 25C";"995";"18";"0";"1";"0.00018442"
"CDH10";"cadherin 10";"1008";"15";"1";"0";"0.002324938"
"CDH11";"cadherin 11";"1009";"20";"0";"1";"0.002548858"
"CDK2";"cyclin dependent kinase 2";"1017";"19";"0";"1";"0.000032"
"CDK4";"cyclin dependent kinase 4";"1019";"20";"0";"1";"0.00000519"
"CDKN1A";"cyclin dependent kinase inhibitor 1A";"1026";"16";"1";"0";"0.000000207"
"CDKN2A";"cyclin dependent kinase inhibitor 2A";"1029";"14";"1";"0";"0.001640363"
"CDKN2B";"cyclin dependent kinase inhibitor 2B";"1030";"20";"1";"0";"0.00021949"
"CDKN2C";"cyclin dependent kinase inhibitor 2C";"1031";"19";"0";"1";"0.00000306"
"CDKN3";"cyclin dependent kinase inhibitor 3";"1033";"19";"0";"1";"0.00000024"
"CENPA";"centromere protein A";"1058";"14";"0";"1";"0.00000178"
"CENPE";"centromere protein E";"1062";"19";"0";"1";"0.00000306"
"CENPF";"centromere protein F";"1063";"18";"0";"1";"0.000000122"
"CTSC";"cathepsin C";"1075";"20";"0";"1";"0.00039374"
"CHD1";"chromodomain helicase DNA binding protein 1";"1105";"19";"0";"1";"0.001902323"
"CHEK1";"checkpoint kinase 1";"1111";"19";"0";"1";"0.000273358"
"CKS1B";"CDC28 protein kinase regulatory subunit 1B";"1163";"17";"0";"1";"0.0000118"
"CKS2";"CDC28 protein kinase regulatory subunit 2";"1164";"21";"0";"1";"0.00000849"
"CNN1";"calponin 1";"1264";"21";"1";"0";"0.00031014"
"COL6A3";"collagen type VI alpha 3 chain";"1293";"21";"0";"1";"0.0033472"
"COL8A1";"collagen type VIII alpha 1 chain";"1295";"19";"1";"0";"0.000151463"
"COL15A1";"collagen type XV alpha 1 chain";"1306";"16";"0";"1";"0.004818595"
"SLC31A2";"solute carrier family 31 member 2";"1318";"20";"1";"0";"0.001568256"
"COX7A1";"cytochrome c oxidase subunit 7A1";"1346";"19";"1";"0";"0.000016"
"CRYAB";"crystallin alpha B";"1410";"20";"1";"0";"0.00021949"
"CSE1L";"chromosome segregation 1 like";"1434";"19";"0";"1";"0.000273358"
"CTGF";"cellular communication network factor 2";"1490";"19";"1";"0";"0.001163626"
"CTSB";"cathepsin B";"1508";"21";"1";"0";"0.0000382"
"CTSD";"cathepsin D";"1509";"18";"1";"0";"0.00000986"
"CTSZ";"cathepsin Z";"1522";"20";"1";"0";"0.00021949"
"DAB2";"DAB adaptor protein 2";"1601";"19";"1";"0";"0.000151463"
"DGKA";"diacylglycerol kinase alpha";"1606";"15";"1";"0";"0.002324938"
"DARS";"aspartyl-tRNA synthetase 1";"1615";"21";"0";"1";"0.000553004"
"DBI";"diazepam binding inhibitor, acyl-CoA binding protein";"1622";"19";"0";"1";"0.000273358"
"DDB2";"damage specific DNA binding protein 2";"1643";"17";"1";"0";"0.004278705"
"GADD45A";"growth arrest and DNA damage inducible alpha";"1647";"20";"1";"0";"0.00021949"
"DDX11";"DEAD/H-box helicase 11";"1663";"13";"0";"1";"0.001712028"
"DHX15";"DEAH-box helicase 15";"1665";"16";"0";"1";"0.004818595"
"DFFB";"DNA fragmentation factor subunit beta";"1677";"14";"0";"1";"0.002501721"
"DHFR";"dihydrofolate reductase";"1719";"18";"0";"1";"0.0000198"
"DIO2";"iodothyronine deiodinase 2";"1734";"17";"1";"0";"0.004278705"
"DKC1";"dyskerin pseudouridine synthase 1";"1736";"14";"0";"1";"0.0000259"
"DNA2";"DNA replication helicase/nuclease 2";"1763";"17";"0";"1";"0.006415198"
"DNASE1L1";"deoxyribonuclease 1 like 1";"1774";"19";"1";"0";"0.000151463"
"DNMT1";"DNA methyltransferase 1";"1786";"19";"0";"1";"0.000032"
"DPP4";"dipeptidyl peptidase 4";"1803";"19";"1";"0";"0.000016"
"DPYSL3";"dihydropyrimidinase like 3";"1809";"18";"0";"1";"0.00018442"
"DTYMK";"deoxythymidylate kinase";"1841";"18";"0";"1";"0.001387913"
"DUSP3";"dual specificity phosphatase 3";"1845";"21";"1";"0";"0.0000382"
"DUSP6";"dual specificity phosphatase 6";"1848";"20";"1";"0";"0.00021949"
"DUT";"deoxyuridine triphosphatase";"1854";"21";"0";"1";"0.00000849"
"E2F2";"E2F transcription factor 2";"1870";"19";"0";"1";"0.001902323"
"ECT2";"epithelial cell transforming 2";"1894";"18";"0";"1";"0.00000172"
"EDN1";"endothelin 1";"1906";"18";"1";"0";"0.000843996"
"PHC1";"polyhomeotic homolog 1";"1911";"17";"0";"1";"0.006415198"
"EGR1";"early growth response 1";"1958";"19";"0";"1";"0.000273358"
"EIF4EBP1";"eukaryotic translation initiation factor 4E binding protein 1";"1978";"19";"0";"1";"0.000032"
"EMP2";"epithelial membrane protein 2";"2013";"15";"0";"1";"0.003525589"
"ENO1";"enolase 1";"2023";"20";"0";"1";"0.00039374"
"EPAS1";"endothelial PAS domain protein 1";"2034";"21";"1";"0";"0.002071502"
"EPB41L2";"erythrocyte membrane protein band 4.1 like 2";"2037";"21";"0";"1";"0.0033472"
"EPHA4";"EPH receptor A4";"2043";"18";"1";"0";"0.000101565"
"CLN8";"complement factor H";"2055";"19";"1";"0";"0.001163626"
"ERH";"ERH mRNA splicing and mitosis factor";"2079";"17";"0";"1";"0.006415198"
"FBL";"fibrillarin";"2091";"20";"0";"1";"0.00000519"
"ETS1";"ETS proto-oncogene 1, transcription factor";"2113";"20";"0";"1";"0.00039374"
"ETV4";"ETS variant transcription factor 4";"2118";"18";"0";"1";"0.00018442"
"EWSR1";"EWS RNA binding protein 1";"2130";"21";"0";"1";"0.0033472"
"EZH2";"enhancer of zeste 2 polycomb repressive complex 2 subunit";"2146";"20";"0";"1";"0.000000449"
"F3";"coagulation factor III, tissue factor";"2152";"20";"1";"0";"0.0000251"
"FABP5";"fatty acid binding protein 5";"2171";"16";"0";"1";"0.004818595"
"FANCA";"FA complementation group A";"2175";"15";"0";"1";"0.003525589"
"FANCD2";"FA complementation group D2";"2177";"16";"0";"1";"0.004818595"
"FANCE";"FA complementation group E";"2178";"15";"0";"1";"0.00000356"
"FANCG";"FA complementation group G";"2189";"17";"0";"1";"0.0000118"
"FAT1";"FAT atypical cadherin 1";"2195";"18";"1";"0";"0.000101565"
"EFEMP1";"EGF containing fibulin extracellular matrix protein 1";"2202";"20";"1";"0";"0.001568256"
"FEN1";"flap structure-specific endonuclease 1";"2237";"19";"0";"1";"0.00000024"
"FGF2";"fibroblast growth factor 2";"2247";"20";"1";"0";"0.00021949"
"FH";"fumarate hydratase";"2271";"18";"0";"1";"0.001387913"
"FHL1";"four and a half LIM domains 1";"2273";"19";"1";"0";"0.001163626"
"FKBP5";"FKBP prolyl isomerase 5";"2289";"12";"0";"1";"0.000000336"
"FOXM1";"forkhead box M1";"2305";"15";"0";"1";"0.000000218"
"FLNC";"filamin C";"2318";"18";"1";"0";"0.000843996"
"FN1";"fibronectin 1";"2335";"20";"1";"0";"0.00000237"
"FOLR3";"folate receptor gamma";"2352";"18";"1";"0";"0.000843996"
"CENPI";"centromere protein I";"2491";"16";"0";"1";"0.000680977"
"FTH1";"ferritin heavy chain 1";"2495";"15";"1";"0";"0.000271213"
"FUCA1";"alpha-L-fucosidase 1";"2517";"18";"1";"0";"0.000101565"
"FUS";"FUS RNA binding protein";"2521";"18";"0";"1";"0.0000198"
"FUT4";"fucosyltransferase 4";"2526";"17";"0";"1";"0.006415198"
"IFI6";"interferon alpha inducible protein 6";"2537";"19";"1";"0";"0.00000000575"
"GART";"phosphoribosylglycinamide formyltransferase, phosphoribosylglycinamide synthetase, phosphoribosylaminoimidazole synthetase";"2618";"18";"0";"1";"0.001387913"
"GAS6";"growth arrest specific 6";"2621";"19";"1";"0";"0.00000139"
"GBA";"glucosylceramidase beta";"2629";"11";"1";"0";"0.000449017"
"GEM";"GTP binding protein overexpressed in skeletal muscle";"2669";"18";"0";"1";"0.001387913"
"GFPT1";"glutamine--fructose-6-phosphate transaminase 1";"2673";"20";"1";"0";"0.001568256"
"GLB1";"CLN8 transmembrane ER and ERGIC protein";"2720";"8";"1";"0";"0.001145931"
"GLS";"glutaminase";"2744";"19";"1";"0";"0.000016"
"GLRX";"glutaredoxin";"2745";"20";"1";"0";"0.00000237"
"GLUL";"glutamate-ammonia ligase";"2752";"20";"0";"1";"0.00039374"
"GM2A";"GM2 ganglioside activator";"2760";"19";"1";"0";"0.001163626"
"GOLGB1";"golgin B1";"2804";"20";"1";"0";"0.001568256"
"GPC1";"glypican 1";"2817";"19";"1";"0";"0.001163626"
"GPER1";"G protein-coupled estrogen receptor 1";"2852";"19";"1";"0";"0.001163626"
"GRN";"granulin precursor";"2896";"21";"1";"0";"0.000000332"
"GRINA";"glutamate ionotropic receptor NMDA type subunit associated protein 1";"2907";"18";"1";"0";"0.000843996"
"MSH6";"mutS homolog 6";"2956";"16";"0";"1";"0.000680977"
"GUCY1B1";"guanylate cyclase 1 soluble subunit beta 1";"2983";"18";"0";"1";"0.001387913"
"GUSB";"glucuronidase beta";"2990";"17";"0";"1";"0.000986749"
"H1F0";"H1.0 linker histone";"3005";"19";"0";"1";"0.000032"
"HIST1H1C";"H1.2 linker histone, cluster member";"3006";"20";"1";"0";"0.000000185"
"HIST1H1B";"H1.5 linker histone, cluster member";"3009";"16";"0";"1";"0.004818595"
"H2AFX";"H2A.X variant histone";"3014";"20";"0";"1";"0.00039374"
"H2AFZ";"H2A.Z variant histone 1";"3015";"18";"0";"1";"0.000000122"
"HIST1H2BD";"H2B clustered histone 5";"3017";"18";"1";"0";"0.00000986"
"HIST1H1A";"H1.1 linker histone, cluster member";"3024";"16";"0";"1";"0.004818595"
"HAGH";"hydroxyacylglutathione hydrolase";"3029";"19";"1";"0";"0.000151463"
"HAS2";"hyaluronan synthase 2";"3037";"16";"0";"1";"0.004818595"
"HELLS";"helicase, lymphoid specific";"3070";"19";"0";"1";"0.00000024"
"HEXB";"hexosaminidase subunit beta";"3074";"19";"1";"0";"0.000151463"
"HLA-B";"major histocompatibility complex, class I, B";"3106";"15";"1";"0";"0.002324938"
"HMGB1";"high mobility group box 1";"3146";"20";"0";"1";"0.00000519"
"HMGB2";"high mobility group box 2";"3148";"19";"0";"1";"0.00000306"
"HMGB3";"high mobility group box 3";"3149";"21";"0";"1";"0.000553004"
"HMGN2";"high mobility group nucleosomal binding domain 2";"3151";"17";"0";"1";"0.000120396"
"HMGA1";"high mobility group AT-hook 1";"3159";"20";"0";"1";"0.00039374"
"HMMR";"hyaluronan mediated motility receptor";"3161";"18";"0";"1";"0.00000172"
"HNRNPA1";"heterogeneous nuclear ribonucleoprotein A1";"3178";"20";"0";"1";"0.000000449"
"HNRNPA2B1";"heterogeneous nuclear ribonucleoprotein A2/B1";"3181";"20";"0";"1";"0.00000519"
"HNRNPAB";"heterogeneous nuclear ribonucleoprotein A/B";"3182";"21";"0";"1";"0.00000849"
"HNRNPC";"heterogeneous nuclear ribonucleoprotein C";"3183";"17";"0";"1";"0.006415198"
"HNRNPD";"heterogeneous nuclear ribonucleoprotein D";"3184";"20";"0";"1";"0.000000449"
"HNRNPF";"heterogeneous nuclear ribonucleoprotein F";"3185";"19";"0";"1";"0.000273358"
"HNRNPH1";"heterogeneous nuclear ribonucleoprotein H1";"3187";"20";"0";"1";"0.002548858"
"HNRNPH3";"heterogeneous nuclear ribonucleoprotein H3";"3189";"21";"0";"1";"0.000553004"
"HNRNPU";"heterogeneous nuclear ribonucleoprotein U";"3192";"19";"0";"1";"0.001902323"
"HOXA5";"homeobox A5";"3202";"18";"0";"1";"0.001387913"
"HPRT1";"hypoxanthine phosphoribosyltransferase 1";"3251";"21";"0";"1";"0.0000752"
"HSPA2";"heat shock protein family A (Hsp70) member 2";"3306";"17";"0";"1";"0.006415198"
"ICAM1";"intercellular adhesion molecule 1";"3383";"16";"1";"0";"0.003195709"
"ID4";"inhibitor of DNA binding 4, HLH protein";"3400";"17";"0";"1";"0.000986749"
"IDS";"iduronate 2-sulfatase";"3423";"19";"1";"0";"0.000151463"
"IFI27";"peripheral myelin protein 22";"3429";"19";"1";"0";"0.001163626"
"SP110";"SP110 nuclear body protein";"3431";"19";"1";"0";"0.001163626"
"IFIT2";"interferon induced protein with tetratricopeptide repeats 2";"3433";"18";"1";"0";"0.000101565"
"IFIT1";"interferon induced protein with tetratricopeptide repeats 1";"3434";"18";"1";"0";"0.000843996"
"IFIT3";"interferon induced protein with tetratricopeptide repeats 3";"3437";"15";"1";"0";"0.002324938"
"IGF2R";"insulin like growth factor 2 receptor";"3482";"20";"1";"0";"0.0000251"
"IGFBP3";"insulin like growth factor binding protein 3";"3486";"19";"1";"0";"0.001163626"
"IGFBP5";"insulin like growth factor binding protein 5";"3488";"19";"1";"0";"0.00000000575"
"IGFBP7";"insulin like growth factor binding protein 7";"3490";"21";"1";"0";"0.0000000236"
"IL11";"interleukin 11";"3589";"19";"0";"1";"0.000273358"
"ILF2";"interleukin enhancer binding factor 2";"3608";"21";"0";"1";"0.0000752"
"ILF3";"interleukin enhancer binding factor 3";"3609";"20";"0";"1";"0.0000498"
"IMPA2";"inositol monophosphatase 2";"3613";"18";"0";"1";"0.001387913"
"IMPDH2";"inosine monophosphate dehydrogenase 2";"3615";"20";"0";"1";"0.00000519"
"CXCL10";"C-X-C motif chemokine ligand 10";"3627";"16";"1";"0";"0.003195709"
"INPP5D";"inositol polyphosphate-5-phosphatase D";"3635";"18";"1";"0";"0.000843996"
"INSIG1";"insulin induced gene 1";"3638";"19";"0";"1";"0.000273358"
"ITGA2";"integrin subunit alpha 2";"3673";"20";"1";"0";"0.001568256"
"ITGAV";"integrin subunit alpha V";"3685";"20";"1";"0";"0.001568256"
"ITGB5";"integrin subunit beta 5";"3693";"20";"1";"0";"0.001568256"
"KCNJ2";"potassium inwardly rectifying channel subfamily J member 2";"3759";"19";"1";"0";"0.000151463"
"KCNN2";"potassium calcium-activated channel subfamily N member 2";"3781";"19";"1";"0";"0.001163626"
"KIF3C";"kinesin family member 3C";"3797";"19";"1";"0";"0.000151463"
"KIF11";"kinesin family member 11";"3832";"19";"0";"1";"0.00000024"
"KIFC1";"kinesin family member C1";"3833";"19";"0";"1";"0.00000306"
"KIF22";"kinesin family member 22";"3835";"16";"0";"1";"0.000680977"
"KPNA2";"karyopherin subunit alpha 2";"3838";"19";"0";"1";"0.00000024"
"L1CAM";"C1D nuclear receptor corepressor";"3897";"19";"1";"0";"0.000016"
"LAMB2";"laminin subunit beta 2";"3913";"21";"1";"0";"0.002071502"
"LAMC1";"laminin subunit gamma 1";"3915";"19";"1";"0";"0.000151463"
"STMN1";"stathmin 1";"3925";"20";"0";"1";"0.0000498"
"LBR";"lamin B receptor";"3930";"21";"0";"1";"0.000000799"
"LIPA";"lipase A, lysosomal acid type";"3988";"16";"1";"0";"0.003195709"
"LMNB1";"lamin B1";"4001";"17";"0";"1";"0.0000118"
"LOX";"lysyl oxidase";"4015";"20";"1";"0";"0.001568256"
"LOXL2";"lysyl oxidase like 2";"4017";"20";"1";"0";"0.00021949"
"LRP1";"LDL receptor related protein 1";"4035";"19";"1";"0";"0.000016"
"LRPAP1";"LDL receptor related protein associated protein 1";"4043";"18";"1";"0";"0.000843996"
"LSAMP";"limbic system associated membrane protein";"4045";"19";"0";"1";"0.001902323"
"LUM";"lumican";"4060";"20";"1";"0";"0.00000237"
"MAD2L1";"mitotic arrest deficient 2 like 1";"4085";"20";"0";"1";"0.0000000019"
"MANBA";"mannosidase beta";"4126";"20";"1";"0";"0.00021949"
"MAT2A";"methionine adenosyltransferase 2A";"4144";"21";"0";"1";"0.0000752"
"MATN2";"matrilin 2";"4147";"20";"0";"1";"0.00039374"
"MCM2";"minichromosome maintenance complex component 2";"4171";"17";"0";"1";"0.000120396"
"MCM3";"minichromosome maintenance complex component 3";"4172";"19";"0";"1";"0.0000000155"
"MCM4";"minichromosome maintenance complex component 4";"4173";"20";"0";"1";"0.000000449"
"MCM5";"minichromosome maintenance complex component 5";"4174";"20";"0";"1";"0.00000519"
"MCM6";"minichromosome maintenance complex component 6";"4175";"20";"0";"1";"0.000000449"
"MCM7";"minichromosome maintenance complex component 7";"4176";"17";"0";"1";"0.0000118"
"DNAJB9";"DnaJ heat shock protein family (Hsp40) member B9";"4189";"19";"1";"0";"0.000016"
"MDK";"midkine";"4192";"20";"0";"1";"0.00039374"
"MDM2";"MDM2 proto-oncogene";"4193";"20";"1";"0";"0.00021949"
"MEST";"mesoderm specific transcript";"4232";"17";"1";"0";"0.004278705"
"MFGE8";"milk fat globule EGF and factor V/VIII domain containing";"4240";"19";"1";"0";"0.000151463"
"KITLG";"KIT ligand";"4254";"19";"0";"1";"0.001902323"
"MGMT";"O-6-methylguanine-DNA methyltransferase";"4255";"18";"0";"1";"0.00018442"
"MKI67";"marker of proliferation Ki-67";"4288";"18";"0";"1";"0.000000122"
"MMP3";"matrix metallopeptidase 3";"4314";"16";"1";"0";"0.003195709"
"MMP12";"matrix metallopeptidase 12";"4321";"18";"1";"0";"0.000101565"
"MRE11";"MRE11 homolog, double strand break repair nuclease";"4361";"21";"0";"1";"0.0000752"
"MSH2";"mutS homolog 2";"4436";"20";"0";"1";"0.0000498"
"MT1E";"metallothionein 1E";"4493";"15";"0";"1";"0.003525589"
"NUDT1";"nudix hydrolase 1";"4521";"18";"0";"1";"0.00018442"
"MTHFD1";"methylenetetrahydrofolate dehydrogenase, cyclohydrolase and formyltetrahydrofolate synthetase 1";"4522";"18";"0";"1";"0.00018442"
"MTIF2";"mitochondrial translational initiation factor 2";"4528";"21";"0";"1";"0.000553004"
"MX1";"MX dynamin like GTPase 1";"4599";"19";"1";"0";"0.00000139"
"MXI1";"MAX interactor 1, dimerization protein";"4601";"19";"1";"0";"0.000151463"
"MYBL2";"MYB proto-oncogene like 2";"4605";"19";"0";"1";"0.00000024"
"MYLK";"myosin light chain kinase";"4638";"20";"1";"0";"0.001568256"
"HNRNPM";"heterogeneous nuclear ribonucleoprotein M";"4670";"21";"0";"1";"0.000553004"
"NAP1L3";"nucleosome assembly protein 1 like 3";"4675";"17";"1";"0";"0.004278705"
"NASP";"nuclear autoantigenic sperm protein";"4678";"20";"0";"1";"0.000000449"
"NEK2";"NIMA related kinase 2";"4751";"20";"0";"1";"0.00000519"
"NPM1";"nucleophosmin 1";"4869";"19";"0";"1";"0.000032"
"NRAS";"NRAS proto-oncogene, GTPase";"4893";"16";"0";"1";"0.004818595"
"ODC1";"ornithine decarboxylase 1";"4953";"19";"0";"1";"0.00000306"
"ORC1";"origin recognition complex subunit 1";"4998";"17";"0";"1";"0.000986749"
"ORC2";"origin recognition complex subunit 2";"4999";"18";"0";"1";"0.001387913"
"CLDN11";"claudin 11";"5010";"17";"0";"1";"0.000986749"
"P2RX5";"purinergic receptor P2X 5";"5026";"10";"1";"0";"0.000259316"
"PA2G4";"proliferation-associated 2G4";"5036";"19";"0";"1";"0.000273358"
"PAFAH1B3";"platelet activating factor acetylhydrolase 1b catalytic subunit 3";"5050";"20";"0";"1";"0.002548858"
"SERPINB2";"serpin family B member 2";"5055";"18";"1";"0";"0.00000986"
"PAM";"peptidylglycine alpha-amidating monooxygenase";"5066";"21";"1";"0";"0.0000000236"
"PCK2";"phosphoenolpyruvate carboxykinase 2, mitochondrial";"5106";"21";"0";"1";"0.000553004"
"PCNA";"proliferating cell nuclear antigen";"5111";"20";"0";"1";"0.00000519"
"PCNT";"pericentrin";"5116";"21";"0";"1";"0.0033472"
"PCOLCE";"procollagen C-endopeptidase enhancer";"5118";"20";"0";"1";"0.00000519"
"PDK2";"pyruvate dehydrogenase kinase 2";"5164";"20";"1";"0";"0.00021949"
"ENPP2";"ectonucleotide pyrophosphatase/phosphodiesterase 2";"5168";"21";"0";"1";"0.0033472"
"SERPINF1";"serpin family F member 1";"5176";"15";"0";"1";"0.0000455"
"PFAS";"phosphoribosylformylglycinamidine synthase";"5198";"18";"0";"1";"0.00000172"
"PFKP";"phosphofructokinase, platelet";"5214";"20";"0";"1";"0.002548858"
"SERPINI1";"serpin family I member 1";"5274";"18";"1";"0";"0.000101565"
"PIM1";"Pim-1 proto-oncogene, serine/threonine kinase";"5292";"20";"0";"1";"0.002548858"
"PLAT";"plasminogen activator, tissue type";"5327";"19";"1";"0";"0.00000139"
"PLCB4";"phospholipase C beta 4";"5332";"20";"1";"0";"0.0000251"
"PLK1";"polo like kinase 1";"5347";"18";"0";"1";"0.00000172"
"PLOD1";"procollagen-lysine,2-oxoglutarate 5-dioxygenase 1";"5351";"20";"1";"0";"0.00021949"
"PLOD2";"procollagen-lysine,2-oxoglutarate 5-dioxygenase 2";"5352";"21";"1";"0";"0.0000382"
"EXOSC9";"exosome component 9";"5393";"17";"0";"1";"0.000120396"
"PRRX1";"paired related homeobox 1";"5396";"19";"0";"1";"0.000273358"
"PODXL";"podocalyxin like";"5420";"17";"1";"0";"0.004278705"
"POLA1";"DNA polymerase alpha 1, catalytic subunit";"5422";"14";"0";"1";"0.00000178"
"POLD1";"DNA polymerase delta 1, catalytic subunit";"5424";"20";"0";"1";"0.00039374"
"POLD2";"DNA polymerase delta 2, accessory subunit";"5425";"21";"0";"1";"0.0000752"
"POLE";"DNA polymerase epsilon, catalytic subunit";"5426";"19";"0";"1";"0.000273358"
"POLE2";"DNA polymerase epsilon 2, accessory subunit";"5427";"20";"0";"1";"0.00000519"
"POLR2D";"RNA polymerase II subunit D";"5433";"19";"0";"1";"0.001902323"
"CTSA";"cathepsin A";"5476";"15";"1";"0";"0.002324938"
"PPP1CC";"protein phosphatase 1 catalytic subunit gamma";"5501";"21";"0";"1";"0.00000849"
"PPP1R3C";"protein phosphatase 1 regulatory subunit 3C";"5507";"15";"1";"0";"0.0000246"
"PRIM1";"DNA primase subunit 1";"5557";"18";"0";"1";"0.00000172"
"PRIM2";"DNA primase subunit 2";"5558";"20";"0";"1";"0.0000498"
"PRKAR2B";"protein kinase cAMP-dependent type II regulatory subunit beta";"5577";"19";"0";"1";"0.001902323"
"PRNP";"prion protein";"5621";"17";"1";"0";"0.0000659"
"PRPS1";"phosphoribosyl pyrophosphate synthetase 1";"5631";"20";"1";"0";"0.00021949"
"PRPS2";"phosphoribosyl pyrophosphate synthetase 2";"5634";"17";"0";"1";"0.000120396"
"PRRG1";"proline rich and Gla domain 1";"5638";"19";"1";"0";"0.001163626"
"MASP1";"mannan binding lectin serine peptidase 1";"5648";"20";"1";"0";"0.001568256"
"HTRA1";"HtrA serine peptidase 1";"5654";"16";"1";"0";"0.003195709"
"PSG1";"pregnancy specific beta-1-glycoprotein 1";"5669";"16";"1";"0";"0.00000328"
"PSG2";"pregnancy specific beta-1-glycoprotein 2";"5670";"14";"1";"0";"0.0000139"
"PSG4";"pregnancy specific beta-1-glycoprotein 4";"5672";"13";"1";"0";"0.000000394"
"PSG5";"pregnancy specific beta-1-glycoprotein 5";"5673";"12";"1";"0";"0.00000363"
"PSG6";"pregnancy specific beta-1-glycoprotein 6";"5675";"17";"1";"0";"0.00000582"
"PSG7";"solute carrier family 38 member 1";"5676";"9";"1";"0";"0.000000198"
"PSG9";"pregnancy specific beta-1-glycoprotein 9";"5678";"14";"1";"0";"0.000172564"
"PSME1";"proteasome activator subunit 1";"5720";"21";"0";"1";"0.0033472"
"PTBP1";"polypyrimidine tract binding protein 1";"5725";"20";"0";"1";"0.00039374"
"PTGS1";"prostaglandin-endoperoxide synthase 1";"5742";"16";"0";"1";"0.004818595"
"PTMA";"prothymosin alpha";"5757";"17";"0";"1";"0.000120396"
"PTPRK";"protein tyrosine phosphatase receptor type K";"5796";"20";"1";"0";"0.00021949"
"PTPRM";"protein tyrosine phosphatase receptor type M";"5797";"19";"1";"0";"0.001163626"
"PTX3";"pentraxin 3";"5806";"16";"0";"1";"0.004818595"
"PXMP2";"peroxisomal membrane protein 2";"5827";"20";"0";"1";"0.00000519"
"RAD21";"RAD21 cohesin complex component";"5885";"18";"0";"1";"0.00018442"
"RAD51";"RAD51 recombinase";"5888";"18";"0";"1";"0.0000198"
"RAD51D";"RAD51 paralog D";"5892";"17";"0";"1";"0.006415198"
"RANBP1";"RAN binding protein 1";"5902";"19";"0";"1";"0.00000024"
"RARRES3";"phospholipase A and acyltransferase 4";"5920";"19";"1";"0";"0.001163626"
"RBBP7";"RB binding protein 7, chromatin remodeling factor";"5931";"20";"0";"1";"0.0000498"
"RBBP8";"RB binding protein 8, endonuclease";"5932";"21";"0";"1";"0.000553004"
"RBL1";"RB transcriptional corepressor like 1";"5933";"19";"0";"1";"0.001902323"
"RBP1";"retinol binding protein 1";"5947";"19";"0";"1";"0.001902323"
"RFC2";"replication factor C subunit 2";"5982";"19";"0";"1";"0.000273358"
"RFC3";"replication factor C subunit 3";"5983";"20";"0";"1";"0.00000519"
"RFC4";"replication factor C subunit 4";"5984";"18";"0";"1";"0.00000172"
"RPA3";"replication protein A3";"6119";"19";"0";"1";"0.000032"
"RPL4";"ribosomal protein L4";"6124";"10";"0";"1";"0.004356126"
"RPL5";"ribosomal protein L5";"6125";"11";"0";"1";"0.006447211"
"MRPL23";"mitochondrial ribosomal protein L23";"6150";"17";"0";"1";"0.000986749"
"RPS9";"ribosomal protein S9";"6203";"17";"0";"1";"0.000986749"
"RPS16";"ribosomal protein S16";"6217";"17";"0";"1";"0.006415198"
"RRAS";"RAS related";"6237";"20";"1";"0";"0.001568256"
"RRM1";"ribonucleotide reductase catalytic subunit M1";"6240";"15";"0";"1";"0.000453984"
"RRM2";"ribonucleotide reductase regulatory subunit M2";"6241";"21";"0";"1";"0.0000000629"
"SORT1";"sortilin 1";"6272";"19";"1";"0";"0.000151463"
"SAFB";"scaffold attachment factor B";"6294";"13";"0";"1";"0.000177152"
"SAT1";"spermidine/spermine N1-acetyltransferase 1";"6303";"20";"1";"0";"0.000000185"
"SCD";"stearoyl-CoA desaturase";"6319";"20";"0";"1";"0.00039374"
"CXCL12";"C-X-C motif chemokine ligand 12";"6387";"21";"0";"1";"0.000000799"
"SELENOW";"selenoprotein W";"6415";"20";"1";"0";"0.00021949"
"SET";"SET nuclear proto-oncogene";"6418";"21";"0";"1";"0.0033472"
"SFPQ";"splicing factor proline and glutamine rich";"6421";"20";"0";"1";"0.000000449"
"SFRP1";"secreted frizzled related protein 1";"6422";"17";"0";"1";"0.006415198"
"SRSF3";"serine and arginine rich splicing factor 3";"6428";"20";"0";"1";"0.00000519"
"SRSF7";"serine and arginine rich splicing factor 7";"6432";"18";"0";"1";"0.0000198"
"TRA2B";"transformer 2 beta homolog";"6434";"21";"0";"1";"0.0000752"
"SGSH";"N-sulfoglucosamine sulfohydrolase";"6448";"16";"1";"0";"0.000409243"
"SHMT2";"serine hydroxymethyltransferase 2";"6472";"15";"0";"1";"0.0000455"
"STIL";"STIL centriolar assembly protein";"6491";"19";"0";"1";"0.000273358"
"SKP2";"S-phase kinase associated protein 2";"6502";"19";"0";"1";"0.000032"
"SLC1A1";"solute carrier family 1 member 1";"6505";"20";"1";"0";"0.000000000642"
"SLC1A3";"solute carrier family 1 member 3";"6507";"20";"0";"1";"0.002548858"
"SLC20A2";"solute carrier family 20 member 2";"6575";"20";"1";"0";"0.00021949"
"SMPD1";"sphingomyelin phosphodiesterase 1";"6609";"20";"1";"0";"0.0000251"
"SNRPA";"small nuclear ribonucleoprotein polypeptide A";"6626";"20";"0";"1";"0.0000498"
"SNRPB";"small nuclear ribonucleoprotein polypeptides B and B1";"6628";"20";"0";"1";"0.002548858"
"SNRPB2";"small nuclear ribonucleoprotein polypeptide B2";"6629";"21";"0";"1";"0.0033472"
"SNRPC";"small nuclear ribonucleoprotein polypeptide C";"6631";"21";"0";"1";"0.000553004"
"SNRPD1";"small nuclear ribonucleoprotein D1 polypeptide";"6632";"20";"0";"1";"0.000000449"
"SNRPE";"small nuclear ribonucleoprotein polypeptide E";"6635";"17";"0";"1";"0.000120396"
"SNRPF";"small nuclear ribonucleoprotein polypeptide F";"6636";"20";"0";"1";"0.000000449"
"SOX4";"SRY-box transcription factor 4";"6659";"19";"1";"0";"0.001163626"
"SOX11";"SRY-box transcription factor 11";"6664";"17";"0";"1";"0.000120396"
"SPARC";"secreted protein acidic and cysteine rich";"6678";"21";"1";"0";"0.000000332"
"SSRP1";"structure specific recognition protein 1";"6749";"16";"0";"1";"0.000000465"
"STAT1";"signal transducer and activator of transcription 1";"6772";"20";"1";"0";"0.0000251"
"STC1";"stanniocalcin 1";"6781";"21";"1";"0";"0.00031014"
"AURKA";"aurora kinase A";"6790";"20";"0";"1";"0.0000000019"
"SVIL";"supervillin";"6840";"14";"1";"0";"0.000172564"
"VAMP2";"vesicle associated membrane protein 2";"6844";"18";"1";"0";"0.000843996"
"SYT1";"synaptotagmin 1";"6857";"17";"1";"0";"0.000596519"
"TAF5";"TATA-box binding protein associated factor 5";"6877";"18";"0";"1";"0.00018442"
"TAF13";"TATA-box binding protein associated factor 13";"6884";"14";"1";"0";"0.001640363"
"TAP1";"transporter 1, ATP binding cassette subfamily B member";"6890";"17";"1";"0";"0.000596519"
"TAPBP";"TAP binding protein";"6892";"20";"1";"0";"0.001568256"
"TCF3";"transcription factor 3";"6929";"21";"0";"1";"0.0000752"
"TCF19";"transcription factor 19";"6941";"20";"0";"1";"0.00000519"
"TCOF1";"treacle ribosome biogenesis factor 1";"6949";"21";"0";"1";"0.0033472"
"TCP1";"t-complex 1";"6950";"8";"0";"1";"0.001637771"
"DYNLT3";"dynein light chain Tctex-type 3";"6990";"21";"1";"0";"0.000000332"
"TFAM";"transcription factor A, mitochondrial";"7019";"18";"0";"1";"0.00018442"
"TGFB2";"transforming growth factor beta 2";"7042";"14";"1";"0";"0.0000139"
"TGM2";"transglutaminase 2";"7052";"19";"1";"0";"0.001163626"
"THBS1";"thrombospondin 1";"7057";"19";"1";"0";"0.001163626"
"TIMP2";"TIMP metallopeptidase inhibitor 2";"7077";"19";"1";"0";"0.000016"
"TIMP3";"TIMP metallopeptidase inhibitor 3";"7078";"20";"1";"0";"0.00021949"
"TK1";"thymidine kinase 1";"7083";"21";"0";"1";"0.00000000413"
"TLR3";"toll like receptor 3";"7098";"17";"1";"0";"0.004278705"
"GPR137B";"G protein-coupled receptor 137B";"7107";"18";"1";"0";"0.00000986"
"TMPO";"thymopoietin";"7112";"21";"0";"1";"0.000000799"
"TNFRSF1B";"TNF receptor superfamily member 1B";"7133";"17";"0";"1";"0.006415198"
"TOP2A";"DNA topoisomerase II alpha";"7153";"19";"0";"1";"0.00000024"
"TPM1";"tropomyosin 1";"7168";"21";"1";"0";"0.002071502"
"TPM2";"tropomyosin 2";"7169";"20";"1";"0";"0.001568256"
"TTF1";"transcription termination factor 1";"7270";"16";"0";"1";"0.004818595"
"TTK";"TTK protein kinase";"7272";"19";"0";"1";"0.0000000155"
"TWIST1";"twist family bHLH transcription factor 1";"7291";"19";"0";"1";"0.001902323"
"TYMS";"thymidylate synthetase";"7298";"21";"0";"1";"0.000000799"
"UBE2H";"ubiquitin conjugating enzyme E2 H";"7328";"20";"1";"0";"0.001568256"
"UCHL1";"ubiquitin C-terminal hydrolase L1";"7345";"16";"1";"0";"0.003195709"
"UMPS";"uridine monophosphate synthetase";"7372";"20";"0";"1";"0.00039374"
"USP1";"ubiquitin specific peptidase 1";"7398";"19";"0";"1";"0.000032"
"VRK1";"VRK serine/threonine kinase 1";"7443";"17";"0";"1";"0.000120396"
"WFS1";"wolframin ER transmembrane glycoprotein";"7466";"19";"1";"0";"0.000151463"
"WNT5A";"Wnt family member 5A";"7474";"20";"1";"0";"0.001568256"
"XPO1";"exportin 1";"7514";"21";"0";"1";"0.0033472"
"ZNF711";"zinc finger protein 711";"7552";"17";"0";"1";"0.0000118"
"ZNF22";"zinc finger protein 22";"7570";"21";"0";"1";"0.0000000629"
"ZFAND5";"zinc finger AN1-type containing 5";"7763";"20";"1";"0";"0.001568256"
"BTG2";"BTG anti-proliferation factor 2";"7832";"18";"1";"0";"0.000101565"
"RNF103";"ring finger protein 103";"7844";"17";"1";"0";"0.004278705"
"MALL";"mal, T cell differentiation protein like";"7851";"17";"0";"1";"0.0000118"
"SCG2";"secretogranin II";"7857";"17";"1";"0";"0.004278705"
"REEP5";"receptor accessory protein 5";"7905";"20";"1";"0";"0.001568256"
"DEK";"DEK proto-oncogene";"7913";"21";"0";"1";"0.0000000629"
"YEATS4";"YEATS domain containing 4";"8089";"19";"0";"1";"0.000273358"
"HMGA2";"high mobility group AT-hook 2";"8091";"17";"0";"1";"0.006415198"
"PABPN1";"poly(A) binding protein nuclear 1";"8106";"11";"0";"1";"0.006447211"
"ANP32A";"acidic nuclear phosphoprotein 32 family member A";"8125";"15";"0";"1";"0.000453984"
"SLC7A5";"solute carrier family 7 member 5";"8140";"19";"0";"1";"0.001902323"
"CHAF1B";"chromatin assembly factor 1 subunit B";"8208";"18";"0";"1";"0.0000198"
"GTPBP6";"GTP binding protein 6 (putative)";"8225";"19";"0";"1";"0.001902323"
"CDC7";"cell division cycle 7";"8317";"18";"0";"1";"0.00000172"
"CDC45";"cell division cycle 45";"8318";"19";"0";"1";"0.00000024"
"FZD8";"frizzled class receptor 8";"8325";"12";"1";"0";"0.0000597"
"HIST1H2AJ";"H2A clustered histone 14";"8331";"14";"0";"1";"0.002501721"
"HIST1H2AC";"H2A clustered histone 6";"8334";"19";"1";"0";"0.0000000986"
"HIST1H2BE";"H2B clustered histone 6";"8344";"13";"1";"0";"0.001116149"
"HIST1H2BC";"H2B clustered histone 4";"8347";"18";"1";"0";"0.000000777"
"HIST2H2BE";"H2B clustered histone 21";"8349";"19";"1";"0";"0.00000139"
"HIST1H3I";"H3 clustered histone 11";"8354";"15";"0";"1";"0.003525589"
"HIST1H3J";"H3 clustered histone 12";"8356";"10";"0";"1";"0.000404718"
"HIST1H4C";"H4 clustered histone 3";"8364";"13";"0";"1";"0.0000138"
"HIST1H4H";"H4 clustered histone 8";"8365";"17";"1";"0";"0.0000000235"
"RAD54L";"RAD54 like";"8438";"15";"0";"1";"0.000453984"
"PIK3R3";"phosphoinositide-3-kinase regulatory subunit 3";"8503";"15";"1";"0";"0.0000246"
"ENC1";"ectodermal-neural cortex 1";"8507";"20";"1";"0";"0.0000251"
"HAT1";"histone acetyltransferase 1";"8520";"20";"0";"1";"0.002548858"
"KHSRP";"KH-type splicing regulatory protein";"8570";"19";"0";"1";"0.000273358"
"PLA2G4C";"phospholipase A2 group IVC";"8605";"15";"1";"0";"0.00000174"
"RUVBL1";"RuvB like AAA ATPase 1";"8607";"20";"0";"1";"0.002548858"
"STC2";"stanniocalcin 2";"8614";"20";"1";"0";"0.00000237"
"DCHS1";"dachsous cadherin-related 1";"8642";"17";"0";"1";"0.000986749"
"PEA15";"proliferation and apoptosis adaptor protein 15";"8682";"21";"1";"0";"0.00031014"
"CTSF";"cathepsin F";"8722";"21";"1";"0";"0.0000039"
"CTNNAL1";"catenin alpha like 1";"8727";"21";"0";"1";"0.0000752"
"ADAM19";"ADAM metallopeptidase domain 19";"8728";"19";"1";"0";"0.001163626"
"TNFSF10";"TNF superfamily member 10";"8743";"17";"1";"0";"0.000596519"
"ADAM23";"ADAM metallopeptidase domain 23";"8745";"20";"1";"0";"0.00021949"
"RIOK3";"RIO kinase 3";"8780";"19";"1";"0";"0.001163626"
"TNFRSF10D";"TNF receptor superfamily member 10d";"8793";"15";"1";"0";"0.000271213"
"TNFRSF10B";"TNF receptor superfamily member 10b";"8795";"20";"1";"0";"0.001568256"
"SUCLG2";"succinate-CoA ligase GDP-forming subunit beta";"8801";"19";"0";"1";"0.001902323"
"CREG1";"cellular repressor of E1A stimulated genes 1";"8804";"21";"1";"0";"0.0000382"
"BANF1";"BAF nuclear assembly factor 1";"8815";"20";"0";"1";"0.0000498"
"GMPS";"guanine monophosphate synthase";"8833";"21";"0";"1";"0.000000799"
"SOCS2";"suppressor of cytokine signaling 2";"8835";"20";"0";"1";"0.0000498"
"GGH";"gamma-glutamyl hydrolase";"8836";"21";"0";"1";"0.0033472"
"TSC22D1";"TSC22 domain family member 1";"8848";"18";"1";"0";"0.000843996"
"SPHK1";"sphingosine kinase 1";"8877";"17";"0";"1";"0.006415198"
"FUBP1";"far upstream element binding protein 1";"8880";"20";"0";"1";"0.002548858"
"SLC5A6";"solute carrier family 5 member 6";"8884";"18";"0";"1";"0.00018442"
"DDX18";"DEAD-box helicase 18";"8886";"19";"0";"1";"0.000032"
"TIMELESS";"timeless circadian regulator";"8914";"19";"0";"1";"0.001902323"
"H1FX";"H1.10 linker histone";"8971";"20";"0";"1";"0.002548858"
"P4HA2";"prolyl 4-hydroxylase subunit alpha 2";"8974";"15";"1";"0";"0.002324938"
"SELENBP1";"selenium binding protein 1";"8991";"18";"0";"1";"0.001387913"
"ATP6V0E1";"ATPase H+ transporting V0 subunit e1";"8992";"20";"1";"0";"0.00000237"
"TAF1B";"TATA-box binding protein associated factor, RNA polymerase I subunit B";"9014";"19";"0";"1";"0.001902323"
"TAF1A";"TATA-box binding protein associated factor, RNA polymerase I subunit A";"9015";"16";"0";"1";"0.004818595"
"BAZ1B";"bromodomain adjacent to zinc finger domain 1B";"9031";"19";"0";"1";"0.001902323"
"PSTPIP2";"proline-serine-threonine phosphatase interacting protein 2";"9050";"19";"1";"0";"0.001163626"
"PRC1";"protein regulator of cytokinesis 1";"9055";"16";"0";"1";"0.000000465"
"PAPSS2";"3'-phosphoadenosine 5'-phosphosulfate synthase 2";"9060";"19";"1";"0";"0.001163626"
"CLDN1";"claudin 1";"9076";"19";"1";"0";"0.0000000986"
"LDB2";"LIM domain binding 2";"9079";"17";"0";"1";"0.000120396"
"PKMYT1";"protein kinase, membrane associated tyrosine/threonine 1";"9088";"17";"0";"1";"0.000120396"
"NMI";"N-myc and STAT interactor";"9111";"18";"0";"1";"0.001387913"
"ATP6V0D1";"ATPase H+ transporting V0 subunit d1";"9114";"20";"1";"0";"0.001568256"
"INA";"internexin neuronal intermediate filament protein alpha";"9118";"17";"1";"0";"0.00000582"
"SLC16A3";"solute carrier family 16 member 3";"9123";"15";"1";"0";"0.002324938"
"SMC3";"structural maintenance of chromosomes 3";"9126";"19";"0";"1";"0.00000306"
"PRPF4";"pre-mRNA processing factor 4";"9128";"19";"0";"1";"0.00000306"
"CCNB2";"cyclin B2";"9133";"19";"0";"1";"0.00000306"
"CCNE2";"cyclin E2";"9134";"19";"0";"1";"0.001902323"
"SYNGR2";"synaptogyrin 2";"9144";"17";"1";"0";"0.004278705"
"SYNGR1";"synaptogyrin 1";"9145";"16";"1";"0";"0.000409243"
"EXO1";"exonuclease 1";"9156";"21";"0";"1";"0.000000000226"
"ZW10";"zw10 kinetochore protein";"9183";"21";"0";"1";"0.0033472"
"BUB3";"BUB3 mitotic checkpoint protein";"9184";"21";"0";"1";"0.0033472"
"AURKB";"aurora kinase B";"9212";"20";"0";"1";"0.000000449"
"PTTG1";"PTTG1 regulator of sister chromatid separation, securin";"9232";"18";"0";"1";"0.00000172"
"DHRS3";"dehydrogenase/reductase 3";"9249";"20";"1";"0";"0.00021949"
"PTER";"phosphotriesterase related";"9317";"18";"0";"1";"0.00018442"
"TRIP13";"thyroid hormone receptor interactor 13";"9319";"20";"0";"1";"0.0000000321"
"SLIT2";"slit guidance ligand 2";"9353";"17";"0";"1";"0.0000000581"
"SNRNP40";"small nuclear ribonucleoprotein U5 subunit 40";"9410";"21";"0";"1";"0.0033472"
"ARHGAP29";"Rho GTPase activating protein 29";"9411";"17";"1";"0";"0.0000659"
"ITM2B";"integral membrane protein 2B";"9445";"19";"1";"0";"0.000016"
"KIF23";"kinesin family member 23";"9493";"21";"0";"1";"0.0000000629"
"GDF15";"growth differentiation factor 15";"9518";"17";"1";"0";"0.0000659"
"EEF1E1";"eukaryotic translation elongation factor 1 epsilon 1";"9521";"16";"0";"1";"0.000680977"
"TMEM59";"transmembrane protein 59";"9528";"21";"1";"0";"0.00031014"
"ATP6V1G1";"ATPase H+ transporting V1 subunit G1";"9550";"21";"1";"0";"0.0000382"
"PREPL";"prolyl endopeptidase like";"9581";"19";"1";"0";"0.001163626"
"APOBEC3B";"apolipoprotein B mRNA editing enzyme catalytic subunit 3B";"9582";"11";"0";"1";"0.000696728"
"KIF20B";"kinesin family member 20B";"9585";"20";"0";"1";"0.0000498"
"AKAP12";"A-kinase anchoring protein 12";"9590";"21";"0";"1";"0.0033472"
"IER2";"immediate early response 2";"9592";"16";"0";"1";"0.000680977"
"RIN1";"Ras and Rab interactor 1";"9610";"21";"0";"1";"0.0033472"
"SNCAIP";"synuclein alpha interacting protein";"9627";"17";"0";"1";"0.006415198"
"ISG15";"ISG15 ubiquitin like modifier";"9636";"19";"1";"0";"0.000151463"
"SH3PXD2A";"SH3 and PX domains 2A";"9644";"16";"1";"0";"0.003195709"
"CEP135";"centrosomal protein 135";"9662";"19";"0";"1";"0.001902323"
"IPO13";"importin 13";"9670";"20";"1";"0";"0.001568256"
"ESPL1";"extra spindle pole bodies like 1, separase";"9700";"18";"0";"1";"0.00018442"
"CEP57";"centrosomal protein 57";"9702";"19";"0";"1";"0.001902323"
"HDAC9";"histone deacetylase 9";"9734";"20";"1";"0";"0.001568256"
"KNTC1";"kinetochore associated 1";"9735";"16";"0";"1";"0.0000757"
"SNPH";"syntaphilin";"9751";"16";"1";"0";"0.003195709"
"PCLAF";"PCNA clamp associated factor";"9768";"21";"0";"1";"0.0000000629"
"EIF4A3";"eukaryotic translation initiation factor 4A3";"9775";"21";"0";"1";"0.0000752"
"DLGAP5";"DLG associated protein 5";"9787";"19";"0";"1";"0.00000024"
"URB2";"URB2 ribosome biogenesis homolog";"9816";"16";"0";"1";"0.004818595"
"ARHGAP11A";"Rho GTPase activating protein 11A";"9824";"14";"0";"1";"0.00029058"
"MELK";"maternal embryonic leucine zipper kinase";"9833";"19";"0";"1";"0.0000000155"
"GINS1";"GINS complex subunit 1";"9837";"18";"0";"1";"0.00018442"
"HEPH";"hephaestin";"9843";"17";"0";"1";"0.006415198"
"NUAK1";"NUAK family kinase 1";"9891";"20";"1";"0";"0.00000237"
"SV2A";"synaptic vesicle glycoprotein 2A";"9900";"16";"0";"1";"0.004818595"
"NCAPD2";"non-SMC condensin I complex subunit D2";"9918";"15";"0";"1";"0.003525589"
"KIF14";"kinesin family member 14";"9928";"18";"0";"1";"0.001387913"
"PUM3";"pumilio RNA binding family member 3";"9933";"20";"0";"1";"0.00039374"
"GFPT2";"glutamine-fructose-6-phosphate transaminase 2";"9945";"16";"0";"1";"0.004818595"
"HS3ST3A1";"heparan sulfate-glucosamine 3-sulfotransferase 3A1";"9955";"19";"0";"1";"0.001902323"
"USP3";"ubiquitin specific peptidase 3";"9960";"17";"0";"1";"0.006415198"
"THOC1";"THO complex 1";"9984";"17";"0";"1";"0.006415198"
"HNRNPDL";"heterogeneous nuclear ribonucleoprotein D like";"9987";"20";"0";"1";"0.002548858"
"NAALADL1";"N-acetylated alpha-linked acidic dipeptidase like 1";"10004";"16";"0";"1";"0.000680977"
"TROAP";"trophinin associated protein";"10024";"17";"0";"1";"0.000000923"
"CHAF1A";"chromatin assembly factor 1 subunit A";"10036";"19";"0";"1";"0.000273358"
"SMC4";"structural maintenance of chromosomes 4";"10051";"20";"0";"1";"0.000000449"
"UBA2";"ubiquitin like modifier activating enzyme 2";"10054";"20";"0";"1";"0.00039374"
"SAE1";"SUMO1 activating enzyme subunit 1";"10055";"19";"0";"1";"0.001902323"
"EDIL3";"EGF like repeats and discoidin domains 3";"10085";"17";"1";"0";"0.004278705"
"KIF20A";"kinesin family member 20A";"10112";"15";"0";"1";"0.0000455"
"FRY";"FRY microtubule binding protein";"10129";"18";"1";"0";"0.000843996"
"TRAP1";"TNF receptor associated protein 1";"10131";"19";"0";"1";"0.001902323"
"OPTN";"optineurin";"10133";"18";"1";"0";"0.000101565"
"TOB1";"transducer of ERBB2, 1";"10140";"19";"1";"0";"0.000151463"
"CEBPZ";"CCAAT enhancer binding protein zeta";"10153";"20";"0";"1";"0.002548858"
"TRIM28";"tripartite motif containing 28";"10155";"20";"0";"1";"0.00039374"
"AASS";"aminoadipate-semialdehyde synthase";"10157";"18";"0";"1";"0.001387913"
"ATP6AP2";"ATPase H+ transporting accessory protein 2";"10159";"17";"1";"0";"0.00000582"
"ALYREF";"Aly/REF export factor";"10189";"16";"0";"1";"0.004818595"
"PRMT3";"protein arginine methyltransferase 3";"10196";"17";"0";"1";"0.0000118"
"DDX39A";"DExD-box helicase 39A";"10212";"15";"0";"1";"0.000000218"
"HNRNPR";"heterogeneous nuclear ribonucleoprotein R";"10236";"20";"0";"1";"0.00000519"
"EFS";"embryonal Fyn-associated substrate";"10278";"19";"0";"1";"0.000273358"
"MRVI1";"murine retrovirus integration site 1 homolog [Source:HGNC Symbol;Acc:HGNC:7237]";"10335";"19";"1";"0";"0.001163626"
"TRIM22";"tripartite motif containing 22";"10346";"19";"1";"0";"0.00000139"
"CITED2";"Cbp/p300 interacting transactivator with Glu/Asp rich carboxy-terminal domain 2";"10370";"20";"1";"0";"0.00000237"
"TUBA1B";"tubulin alpha 1b";"10376";"15";"0";"1";"0.000453984"
"TUBB4B";"tubulin beta 4B class IVb";"10383";"17";"0";"1";"0.000986749"
"NDRG1";"N-myc downstream regulated 1";"10397";"20";"1";"0";"0.001568256"
"NDC80";"NDC80 kinetochore complex component";"10403";"19";"0";"1";"0.00000024"
"CPQ";"carboxypeptidase Q";"10404";"18";"1";"0";"0.000843996"
"IFITM3";"interferon induced transmembrane protein 3";"10410";"17";"1";"0";"0.004278705"
"PGRMC2";"progesterone receptor membrane component 2";"10424";"20";"1";"0";"0.00021949"
"TUBGCP3";"tubulin gamma complex associated protein 3";"10426";"19";"0";"1";"0.001902323"
"TOMM40";"translocase of outer mitochondrial membrane 40";"10452";"20";"0";"1";"0.0000498"
"GPNMB";"glycoprotein nmb";"10457";"20";"1";"0";"0.00000237"
"MAD2L2";"mitotic arrest deficient 2 like 2";"10459";"15";"0";"1";"0.003525589"
"TACC3";"transforming acidic coiled-coil containing protein 3";"10460";"19";"0";"1";"0.000000000816"
"PPIH";"peptidylprolyl isomerase H";"10465";"19";"0";"1";"0.000032"
"FST";"follistatin";"10468";"20";"0";"1";"0.00000519"
"CAP2";"cyclase associated actin cytoskeleton regulatory protein 2";"10486";"19";"1";"0";"0.001163626"
"SYNCRIP";"synaptotagmin binding cytoplasmic RNA interacting protein";"10492";"21";"0";"1";"0.000553004"
"SEMA3C";"semaphorin 3C";"10512";"21";"1";"0";"0.00031014"
"NOP56";"NOP56 ribonucleoprotein";"10528";"12";"0";"1";"0.001121691"
"RNASEH2A";"ribonuclease H2 subunit A";"10535";"20";"0";"1";"0.00000519"
"ANP32B";"acidic nuclear phosphoprotein 32 family member B";"10541";"18";"0";"1";"0.00000172"
"DPYSL4";"dihydropyrimidinase like 4";"10570";"18";"1";"0";"0.000843996"
"CCT2";"chaperonin containing TCP1 subunit 2";"10576";"18";"0";"1";"0.001387913"
"NPC2";"NPC intracellular cholesterol transporter 2";"10577";"18";"1";"0";"0.000843996"
"SMC2";"structural maintenance of chromosomes 2";"10592";"21";"0";"1";"0.0000752"
"PAICS";"phosphoribosylaminoimidazole carboxylase and phosphoribosylaminoimidazolesuccinocarboxamide synthase";"10606";"21";"0";"1";"0.0000000629"
"MXD4";"MAX dimerization protein 4";"10608";"13";"1";"0";"0.000104577"
"SPAG5";"sperm associated antigen 5";"10615";"19";"0";"1";"0.00000024"
"TGOLN2";"trans-golgi network protein 2";"10618";"19";"1";"0";"0.000151463"
"TXNIP";"thioredoxin interacting protein";"10628";"17";"1";"0";"0.004278705"
"POSTN";"periostin";"10631";"20";"0";"1";"0.00039374"
"RAD51AP1";"RAD51 associated protein 1";"10635";"17";"0";"1";"0.000000923"
"KHDRBS1";"KH RNA binding domain containing, signal transduction associated 1";"10657";"20";"0";"1";"0.00039374"
"CTCF";"CCCTC-binding factor";"10664";"20";"0";"1";"0.000000449"
"EBP";"EBP cholestenol delta-isomerase";"10682";"20";"0";"1";"0.002548858"
"POLD3";"DNA polymerase delta 3, accessory subunit";"10714";"18";"0";"1";"0.001387913"
"POLQ";"DNA polymerase theta";"10721";"15";"0";"1";"0.000453984"
"PLK4";"polo like kinase 4";"10733";"20";"0";"1";"0.00039374"
"MTHFD2";"methylenetetrahydrofolate dehydrogenase (NADP+ dependent) 2, methenyltetrahydrofolate cyclohydrolase";"10797";"21";"0";"1";"0.000000799"
"FAXDC2";"fatty acid hydroxylase domain containing 2";"10826";"18";"1";"0";"0.000101565"
"BLCAP";"BLCAP apoptosis inducing factor";"10904";"19";"1";"0";"0.001163626"
"TCERG1";"transcription elongation regulator 1";"10915";"21";"0";"1";"0.0000752"
"DBF4";"DBF4 zinc finger";"10926";"15";"0";"1";"0.000453984"
"SERINC3";"serine incorporator 3";"10955";"21";"1";"0";"0.00031014"
"PNRC1";"proline rich nuclear receptor coactivator 1";"10957";"18";"1";"0";"0.000843996"
"MLLT11";"MLLT11 transcription factor 7 cofactor";"10962";"19";"1";"0";"0.000151463"
"RAB40B";"RAB40B, member RAS oncogene family";"10966";"20";"1";"0";"0.001568256"
"EBNA1BP2";"EBNA1 binding protein 2";"10969";"12";"0";"1";"0.000101781"
"KIF2C";"kinesin family member 2C";"11004";"18";"0";"1";"0.00018442"
"NUDT21";"nudix hydrolase 21";"11051";"21";"0";"1";"0.0000752"
"CNTRL";"centriolin";"11064";"16";"0";"1";"0.000680977"
"UBE2C";"ubiquitin conjugating enzyme E2 C";"11065";"21";"0";"1";"0.0000000629"
"TOPBP1";"DNA topoisomerase II binding protein 1";"11073";"19";"0";"1";"0.000273358"
"DNAJB4";"DnaJ heat shock protein family (Hsp40) member B4";"11080";"21";"1";"0";"0.000000332"
"WDR5";"WD repeat domain 5";"11091";"17";"0";"1";"0.006415198"
"ADAMTS5";"ADAM metallopeptidase with thrombospondin type 1 motif 5";"11096";"17";"1";"0";"0.0000659"
"PRSS23";"serine protease 23";"11098";"20";"1";"0";"0.0000251"
"CIT";"citron rho-interacting serine/threonine kinase";"11113";"13";"0";"1";"0.000177152"
"EMILIN1";"elastin microfibril interfacer 1";"11117";"20";"0";"1";"0.002548858"
"ZWINT";"ZW10 interacting kinetochore protein";"11130";"20";"0";"1";"0.0000000321"
"LSM6";"LSM6 homolog, U6 small nuclear RNA and mRNA degradation associated";"11157";"18";"0";"1";"0.00018442"
"ADAMTS6";"ADAM metallopeptidase with thrombospondin type 1 motif 6";"11174";"17";"0";"1";"0.006415198"
"BAZ1A";"bromodomain adjacent to zinc finger domain 1A";"11177";"18";"0";"1";"0.001387913"
"SUPT16H";"SPT16 homolog, facilitates chromatin remodeling subunit";"11198";"19";"0";"1";"0.000273358"
"IRAK3";"interleukin 1 receptor associated kinase 3";"11213";"18";"0";"1";"0.001387913"
"DUSP10";"dual specificity phosphatase 10";"11221";"20";"1";"0";"0.001568256"
"MRPL3";"mitochondrial ribosomal protein L3";"11222";"18";"0";"1";"0.0000198"
"GALNT5";"polypeptide N-acetylgalactosaminyltransferase 5";"11227";"20";"1";"0";"0.00021949"
"PRAF2";"PRA1 domain family member 2";"11230";"18";"1";"0";"0.000843996"
"MAN1B1";"mannosidase alpha class 1B member 1";"11253";"18";"1";"0";"0.000843996"
"FILIP1L";"filamin A interacting protein 1 like";"11259";"19";"1";"0";"0.00000139"
"NRM";"nurim";"11270";"20";"0";"1";"0.00039374"
"PHB2";"prohibitin 2";"11331";"16";"0";"1";"0.000680977"
"CBX3";"chromobox 3";"11335";"21";"0";"1";"0.0000752"
"GABARAP";"GABA type A receptor-associated protein";"11337";"19";"1";"0";"0.001163626"
"OIP5";"Opa interacting protein 5";"11339";"14";"0";"1";"0.00029058"
"EXOSC8";"exosome component 8";"11340";"18";"0";"1";"0.00000172"
"MRAS";"muscle RAS oncogene homolog";"22808";"20";"1";"0";"0.001568256"
"CEP162";"centrosomal protein 162";"22832";"17";"0";"1";"0.006415198"
"COBLL1";"cordon-bleu WH2 repeat protein like 1";"22837";"18";"1";"0";"0.000101565"
"WDR47";"WD repeat domain 47";"22911";"15";"1";"0";"0.002324938"
"MAPRE3";"microtubule associated protein RP/EB family member 3";"22924";"20";"1";"0";"0.00021949"
"SEPHS1";"selenophosphate synthetase 1";"22929";"21";"0";"1";"0.0033472"
"ELL2";"elongation factor for RNA polymerase II 2";"22936";"19";"1";"0";"0.001163626"
"CCT5";"chaperonin containing TCP1 subunit 5";"22948";"20";"0";"1";"0.002548858"
"TPX2";"TPX2 microtubule nucleation factor";"22974";"17";"0";"1";"0.0000000581"
"PAXIP1";"PAX interacting protein 1";"22976";"17";"0";"1";"0.006415198"
"PCNX1";"pecanex 1";"22990";"19";"1";"0";"0.001163626"
"LIMCH1";"LIM and calponin homology domains 1";"22998";"19";"1";"0";"0.001163626"
"RIMS1";"regulating synaptic membrane exocytosis 1";"22999";"17";"1";"0";"0.004278705"
"KDM1A";"lysine demethylase 1A";"23028";"20";"0";"1";"0.00039374"
"MAST3";"microtubule associated serine/threonine kinase 3";"23031";"16";"1";"0";"0.0000412"
"TBC1D9";"TBC1 domain family member 9";"23158";"16";"1";"0";"0.003195709"
"NUP205";"nucleoporin 205";"23165";"18";"0";"1";"0.00000172"
"SULF1";"sulfatase 1";"23213";"17";"1";"0";"0.004278705"
"NEMP1";"nuclear envelope integral membrane protein 1";"23306";"18";"0";"1";"0.001387913"
"NCAPD3";"non-SMC condensin II complex subunit D3";"23310";"19";"0";"1";"0.001902323"
"KIAA0930";"KIAA0930";"23313";"19";"1";"0";"0.001163626"
"MAN2B2";"mannosidase alpha class 2B member 2";"23324";"20";"1";"0";"0.00021949"
"SMCHD1";"structural maintenance of chromosomes flexible hinge domain containing 1";"23347";"20";"0";"1";"0.0000498"
"AHCYL2";"adenosylhomocysteinase like 2";"23382";"19";"1";"0";"0.001163626"
"NCSTN";"nicastrin";"23385";"20";"1";"0";"0.0000251"
"NCAPH";"non-SMC condensin I complex subunit H";"23397";"19";"0";"1";"0.00000024"
"SF3B3";"splicing factor 3b subunit 3";"23450";"21";"0";"1";"0.000553004"
"CBX5";"chromobox 5";"23468";"20";"0";"1";"0.0000498"
"ISCU";"iron-sulfur cluster assembly enzyme";"23479";"18";"1";"0";"0.000101565"
"CBX7";"chromobox 7";"23492";"15";"1";"0";"0.000271213"
"TMEM131";"transmembrane protein 131";"23505";"19";"1";"0";"0.000151463"
"DDAH1";"dimethylarginine dimethylaminohydrolase 1";"23576";"19";"1";"0";"0.000151463"
"CDC42EP4";"CDC42 effector protein 4";"23580";"20";"0";"1";"0.00039374"
"DDX58";"DExD/H-box helicase 58";"23586";"19";"1";"0";"0.000016"
"ORC6";"origin recognition complex subunit 6";"23594";"19";"0";"1";"0.001902323"
"OPN3";"opsin 3";"23596";"18";"1";"0";"0.000843996"
"NUP62";"nucleoporin 62";"23636";"10";"0";"1";"0.004356126"
"LRRC6";"leucine rich repeat containing 6";"23639";"17";"1";"0";"0.004278705"
"POLA2";"DNA polymerase alpha 2, accessory subunit";"23649";"20";"0";"1";"0.002548858"
"LSM5";"LSM5 homolog, U6 small nuclear RNA and mRNA degradation associated";"23658";"18";"0";"1";"0.00018442"
"PLA2G15";"phospholipase A2 group XV";"23659";"20";"1";"0";"0.0000251"
"STX12";"integral membrane protein 2C";"23673";"19";"1";"0";"0.000016"
"GABARAPL1";"GABA type A receptor associated protein like 1";"23710";"19";"1";"0";"0.00000000575"
"APOL2";"apolipoprotein L2";"23780";"16";"1";"0";"0.003195709"
"KIF4A";"kinesin family member 4A";"24137";"13";"0";"1";"0.0000138"
"RAD54B";"RAD54 homolog B";"25788";"11";"0";"1";"0.006447211"
"BRI3";"brain protein I3";"25798";"19";"1";"0";"0.000016"
"LMOD1";"leiomodin 1";"25802";"21";"1";"0";"0.00031014"
"MPC2";"mitochondrial pyruvate carrier 2";"25874";"20";"1";"0";"0.00021949"
"POC1A";"POC1 centriolar protein A";"25886";"19";"0";"1";"0.00000306"
"PAMR1";"peptidase domain containing associated with muscle regeneration 1";"25891";"20";"1";"0";"0.000000185"
"NOL11";"nucleolar protein 11";"25926";"18";"0";"1";"0.001387913"
"CNRIP1";"cannabinoid receptor interacting protein 1";"25927";"20";"0";"1";"0.002548858"
"CLIP3";"CAP-Gly domain containing linker protein 3";"25999";"21";"1";"0";"0.0000382"
"LRP10";"LDL receptor related protein 10";"26020";"20";"1";"0";"0.00021949"
"SIPA1L1";"signal induced proliferation associated 1 like 1";"26037";"17";"1";"0";"0.004278705"
"RAB11FIP5";"RAB11 family interacting protein 5";"26056";"20";"1";"0";"0.00021949"
"RAI14";"retinoic acid induced 14";"26064";"20";"1";"0";"0.001568256"
"TCTN3";"tectonic family member 3";"26123";"20";"1";"0";"0.001568256"
"ZBTB20";"zinc finger and BTB domain containing 20";"26137";"19";"1";"0";"0.001163626"
"PHF19";"PHD finger protein 19";"26147";"18";"0";"1";"0.0000198"
"TMEM251";"transmembrane protein 251";"26175";"17";"0";"1";"0.000986749"
"PHGDH";"phosphoglycerate dehydrogenase";"26227";"15";"0";"1";"0.000453984"
"FBXO6";"F-box protein 6";"26270";"17";"1";"0";"0.004278705"
"FBXO5";"F-box protein 5";"26271";"20";"0";"1";"0.00000519"
"HSPB8";"heat shock protein family B (small) member 8";"26353";"18";"1";"0";"0.00000986"
"GNL3";"G protein nucleolar 3";"26354";"20";"0";"1";"0.002548858"
"SLC17A5";"solute carrier family 17 member 5";"26503";"18";"1";"0";"0.00000986"
"DAZAP1";"DAZ associated protein 1";"26528";"20";"0";"1";"0.00039374"
"RGS17";"regulator of G protein signaling 17";"26575";"15";"0";"1";"0.003525589"
"CKAP2";"cytoskeleton associated protein 2";"26586";"19";"0";"1";"0.000032"
"RNF11";"ring finger protein 11";"26994";"16";"1";"0";"0.003195709"
"CYFIP2";"cytoplasmic FMR1 interacting protein 2";"26999";"18";"1";"0";"0.00000986"
"ANKRD1";"ankyrin repeat domain 1";"27063";"21";"1";"0";"0.00031014"
"VPS41";"VPS41 subunit of HOPS complex";"27072";"18";"1";"0";"0.000843996"
"TSPAN13";"tetraspanin 13";"27075";"19";"1";"0";"0.000016"
"DKK3";"dickkopf WNT signaling pathway inhibitor 3";"27122";"21";"1";"0";"0.0000382"
"SNX5";"sorting nexin 5";"27131";"19";"0";"1";"0.001902323"
"TUBG2";"tubulin gamma 2";"27175";"17";"1";"0";"0.004278705"
"COQ2";"coenzyme Q2, polyprenyltransferase";"27235";"20";"0";"1";"0.00039374"
"TNFRSF21";"TNF receptor superfamily member 21";"27242";"19";"1";"0";"0.001163626"
"SESN1";"sestrin 1";"27244";"19";"1";"0";"0.000151463"
"LSM3";"LSM3 homolog, U6 small nuclear RNA and mRNA degradation associated";"27258";"19";"0";"1";"0.000273358"
"APEX2";"apurinic/apyrimidinic endodeoxyribonuclease 2";"27301";"16";"0";"1";"0.004818595"
"RBMX";"RNA binding motif protein X-linked";"27316";"9";"0";"1";"0.0000112"
"UBE2S";"ubiquitin conjugating enzyme E2 S";"27338";"15";"0";"1";"0.000453984"
"UTP20";"UTP20 small subunit processome component";"27340";"19";"0";"1";"0.001902323"
"KCNMB4";"potassium calcium-activated channel subfamily M regulatory beta subunit 4";"27345";"19";"1";"0";"0.000151463"
"EML4";"EMAP like 4";"27436";"19";"0";"1";"0.000273358"
"DCPS";"decapping enzyme, scavenger";"28960";"19";"0";"1";"0.000032"
"OSTM1";"osteoclastogenesis associated transmembrane protein 1";"28962";"19";"1";"0";"0.00000139"
"SLC43A3";"solute carrier family 43 member 3";"29015";"17";"0";"1";"0.000986749"
"ATAD2";"ATPase family AAA domain containing 2";"29028";"20";"0";"1";"0.0000000321"
"UBE2T";"ubiquitin conjugating enzyme E2 T";"29089";"18";"0";"1";"0.00000172"
"NXT1";"nuclear transport factor 2 like export factor 1";"29107";"16";"0";"1";"0.000680977"
"PYCARD";"PYD and CARD domain containing";"29108";"16";"0";"1";"0.004818595"
"RACGAP1";"Rac GTPase activating protein 1";"29127";"14";"0";"1";"0.00029058"
"UHRF1";"ubiquitin like with PHD and ring finger domains 1";"29128";"16";"0";"1";"0.004818595"
"PSMC3IP";"PSMC3 interacting protein";"29893";"14";"0";"1";"0.00029058"
"GPSM2";"G protein signaling modulator 2";"29899";"17";"0";"1";"0.000000923"
"LRP12";"LDL receptor related protein 12";"29967";"14";"1";"0";"0.001640363"
"DONSON";"DNA replication fork stabilization factor DONSON";"29980";"20";"0";"1";"0.002548858"
"LMCD1";"LIM and cysteine rich domains 1";"29995";"19";"1";"0";"0.001163626"
"NT5C";"5', 3'-nucleotidase, cytosolic";"30833";"18";"0";"1";"0.001387913"
"STOML2";"stomatin like 2";"30968";"17";"0";"1";"0.000986749"
"RRM2B";"ribonucleotide reductase regulatory TP53 inducible subunit M2B";"50484";"18";"1";"0";"0.0000000497"
"COL5A3";"collagen type V alpha 3 chain";"50509";"18";"0";"1";"0.001387913"
"ATP6V0A4";"ATPase H+ transporting V0 subunit a4";"50617";"17";"1";"0";"0.004278705"
"ARHGEF3";"Rho guanine nucleotide exchange factor 3";"50650";"17";"1";"0";"0.004278705"
"AK3";"adenylate kinase 3";"50808";"18";"1";"0";"0.000101565"
"STMN3";"stathmin 3";"50861";"17";"0";"1";"0.000986749"
"MTERF3";"mitochondrial transcription termination factor 3";"51001";"16";"0";"1";"0.000680977"
"TPRKB";"TP53RK binding protein";"51002";"20";"0";"1";"0.000000449"
"TVP23B";"trans-golgi network vesicle protein 23 homolog B";"51030";"13";"1";"0";"0.001116149"
"GMNN";"geminin DNA replication inhibitor";"51053";"20";"0";"1";"0.000000449"
"DERA";"deoxyribose-phosphate aldolase";"51071";"19";"0";"1";"0.00000306"
"CRYL1";"crystallin lambda 1";"51084";"19";"1";"0";"0.000151463"
"ADIPOR1";"adiponectin receptor 1";"51094";"20";"1";"0";"0.00021949"
"UTP11";"UTP11 small subunit processome component";"51118";"20";"0";"1";"0.002548858"
"ANGPTL4";"angiopoietin like 4";"51129";"20";"1";"0";"0.00021949"
"CEP83";"centrosomal protein 83";"51134";"15";"0";"1";"0.000453984"
"CERCAM";"cerebral endothelial cell adhesion molecule";"51148";"19";"1";"0";"0.00000139"
"MRTO4";"MRT4 homolog, ribosome maturation factor";"51154";"19";"0";"1";"0.001902323"
"PLEKHO1";"pleckstrin homology domain containing O1";"51177";"19";"0";"1";"0.001902323"
"CPA4";"carboxypeptidase A4";"51200";"18";"1";"0";"0.000843996"
"NUSAP1";"nucleolar and spindle associated protein 1";"51203";"19";"0";"1";"0.000000000816"
"Mar-02";"membrane associated ring-CH-type finger 2";"51257";"19";"1";"0";"0.000151463"
"FKBP11";"FKBP prolyl isomerase 11";"51303";"17";"0";"1";"0.006415198"
"FAM198B";"golgi associated kinase 1B";"51313";"19";"1";"0";"0.001163626"
"RSRC1";"arginine and serine rich coiled-coil 1";"51319";"16";"0";"1";"0.004818595"
"PRR16";"proline rich 16";"51334";"19";"0";"1";"0.000273358"
"UCHL5";"ubiquitin C-terminal hydrolase L5";"51377";"17";"0";"1";"0.000986749"
"NIP7";"nucleolar pre-rRNA processing protein NIP7";"51388";"20";"0";"1";"0.002548858"
"TRPV2";"transient receptor potential cation channel subfamily V member 2";"51393";"19";"1";"0";"0.001163626"
"SCARA3";"scavenger receptor class A member 3";"51435";"20";"0";"1";"0.00000519"
"RNF138";"ring finger protein 138";"51444";"18";"0";"1";"0.00000172"
"PCYOX1";"prenylcysteine oxidase 1";"51449";"20";"1";"0";"0.000000185"
"CTDSPL2";"CTD small phosphatase like 2";"51496";"17";"0";"1";"0.000986749"
"GTSE1";"G2 and S-phase expressed 1";"51512";"19";"0";"1";"0.000273358"
"ETV7";"ETS variant transcription factor 7";"51513";"15";"1";"0";"0.002324938"
"DTL";"denticleless E3 ubiquitin protein ligase homolog";"51514";"19";"0";"1";"0.0000000155"
"RAB6B";"RAB6B, member RAS oncogene family";"51560";"14";"1";"0";"0.0000139"
"ARMCX3";"armadillo repeat containing X-linked 3";"51566";"20";"1";"0";"0.00021949"
"GDE1";"glycerophosphodiester phosphodiesterase 1";"51573";"20";"1";"0";"0.001568256"
"NOP58";"NOP58 ribonucleoprotein";"51602";"15";"0";"1";"0.00000356"
"DPH5";"diphthamide biosynthesis 5";"51611";"20";"0";"1";"0.00039374"
"DHRS7";"dehydrogenase/reductase 7";"51635";"20";"1";"0";"0.001568256"
"MRPL48";"mitochondrial ribosomal protein L48";"51642";"19";"0";"1";"0.000273358"
"YPEL5";"yippee like 5";"51646";"20";"1";"0";"0.000000012"
"GINS2";"GINS complex subunit 2";"51659";"17";"0";"1";"0.000000923"
"HSPB11";"heat shock protein family B (small) member 11";"51668";"20";"0";"1";"0.00039374"
"SARAF";"store-operated calcium entry associated regulatory factor";"51669";"15";"1";"0";"0.000271213"
"CYB5R1";"cytochrome b5 reductase 1";"51706";"21";"1";"0";"0.0000039"
"STK26";"serine/threonine kinase 26";"51765";"17";"0";"1";"0.006415198"
"TM7SF3";"transmembrane 7 superfamily member 3";"51768";"19";"1";"0";"0.000151463"
"MYOZ2";"myozenin 2";"51778";"19";"1";"0";"0.001163626"
"COQ3";"coenzyme Q3, methyltransferase";"51805";"14";"0";"1";"0.002501721"
"ZFYVE1";"zinc finger FYVE-type containing 1";"53349";"19";"1";"0";"0.001163626"
"NUP54";"nucleoporin 54";"53371";"20";"0";"1";"0.0000498"
"MIS18A";"MIS18 kinetochore protein A";"54069";"19";"0";"1";"0.000273358"
"GNG2";"cyclic nucleotide gated channel subunit beta 1";"54331";"20";"0";"1";"0.002548858"
"CYTL1";"cytokine like 1";"54360";"17";"0";"1";"0.006415198"
"GAR1";"GAR1 ribonucleoprotein";"54433";"20";"0";"1";"0.002548858"
"ANLN";"anillin actin binding protein";"54443";"19";"0";"1";"0.0000000155"
"RIN2";"Ras and Rab interactor 2";"54453";"19";"1";"0";"0.001163626"
"MIOS";"meiosis regulator for oocyte development";"54468";"20";"0";"1";"0.00039374"
"PIMREG";"PICALM interacting mitotic regulator";"54478";"18";"0";"1";"0.00000172"
"CHPF2";"chondroitin polymerizing factor 2";"54480";"15";"1";"0";"0.002324938"
"NEURL1B";"neuralized E3 ubiquitin protein ligase 1B";"54492";"15";"0";"1";"0.003525589"
"USP53";"ubiquitin specific peptidase 53";"54532";"20";"1";"0";"0.00000237"
"CCNJ";"cyclin J";"54619";"17";"0";"1";"0.006415198"
"ARL15";"ADP ribosylation factor like GTPase 15";"54622";"18";"1";"0";"0.000843996"
"TMEM106B";"transmembrane protein 106B";"54664";"20";"1";"0";"0.00021949"
"LRRN3";"leucine rich repeat neuronal 3";"54674";"17";"1";"0";"0.00000582"
"MANSC1";"MANSC domain containing 1";"54682";"15";"1";"0";"0.002324938"
"SLC35F2";"solute carrier family 35 member F2";"54733";"15";"0";"1";"0.003525589"
"LY6K";"lymphocyte antigen 6 family member K";"54742";"19";"0";"1";"0.000273358"
"NSMCE4A";"NSE4 homolog A, SMC5-SMC6 complex component";"54780";"20";"0";"1";"0.00039374"
"KLHL24";"kelch like family member 24";"54800";"18";"1";"0";"0.000843996"
"HAUS6";"HAUS augmin like complex subunit 6";"54801";"16";"0";"1";"0.004818595"
"CNNM2";"cyclin and CBS domain divalent metal cation transport mediator 2";"54805";"17";"1";"0";"0.004278705"
"SAMD9";"sterile alpha motif domain containing 9";"54809";"14";"1";"0";"0.000172564"
"ERCC6L";"ERCC excision repair 6 like, spindle assembly checkpoint helicase";"54821";"17";"0";"1";"0.000000923"
"FAM46C";"terminal nucleotidyltransferase 5C";"54855";"16";"0";"1";"0.004818595"
"RETSAT";"retinol saturase";"54884";"18";"1";"0";"0.000843996"
"NCAPG2";"non-SMC condensin II complex subunit G2";"54892";"20";"0";"1";"0.0000000000925"
"ELOVL2";"ELOVL fatty acid elongase 2";"54898";"15";"0";"1";"0.000453984"
"HAUS4";"HAUS augmin like complex subunit 4";"54930";"11";"0";"1";"0.006447211"
"LPCAT2";"lysophosphatidylcholine acyltransferase 2";"54947";"20";"1";"0";"0.001568256"
"TIPIN";"TIMELESS interacting protein";"54962";"17";"0";"1";"0.000120396"
"THG1L";"tRNA-histidine guanylyltransferase 1 like";"54974";"16";"0";"1";"0.000680977"
"HERC6";"HECT and RLD domain containing E3 ubiquitin protein ligase family member 6";"55008";"18";"1";"0";"0.000843996"
"PARPBP";"PARP1 binding protein";"55010";"15";"0";"1";"0.000453984"
"MCUB";"mitochondrial calcium uniporter dominant negative subunit beta";"55013";"18";"0";"1";"0.001387913"
"CDCA4";"cell division cycle associated 4";"55038";"20";"0";"1";"0.00039374"
"ZWILCH";"zwilch kinetochore protein";"55055";"18";"0";"1";"0.000000122"
"TMEM45A";"transmembrane protein 45A";"55076";"18";"1";"0";"0.00000986"
"WDYHV1";"N-terminal glutamine amidase 1";"55093";"19";"0";"1";"0.000032"
"SLFN12";"schlafen family member 12";"55106";"14";"1";"0";"0.001640363"
"BSDC1";"BSD domain containing 1";"55108";"20";"1";"0";"0.0000251"
"ANO10";"anoctamin 10";"55129";"14";"1";"0";"0.001640363"
"CDCA8";"cell division cycle associated 8";"55143";"17";"0";"1";"0.0000118"
"UBR7";"ubiquitin protein ligase E3 component n-recognin 7";"55148";"16";"0";"1";"0.004818595"
"DARS2";"aspartyl-tRNA synthetase 2, mitochondrial";"55157";"15";"0";"1";"0.000453984"
"RFWD3";"ring finger and WD repeat domain 3";"55159";"16";"0";"1";"0.000680977"
"CEP55";"centrosomal protein 55";"55165";"20";"0";"1";"0.000000449"
"CENPQ";"centromere protein Q";"55166";"19";"0";"1";"0.000273358"
"MSL2";"MSL complex subunit 2";"55167";"19";"0";"1";"0.001902323"
"PRMT6";"protein arginine methyltransferase 6";"55170";"20";"0";"1";"0.002548858"
"FAIM";"Fas apoptotic inhibitory molecule";"55179";"19";"0";"1";"0.001902323"
"RIF1";"replication timing regulatory factor 1";"55183";"19";"0";"1";"0.000273358"
"P3H2";"prolyl 3-hydroxylase 2";"55214";"19";"1";"0";"0.000151463"
"FANCI";"FA complementation group I";"55215";"19";"0";"1";"0.00000024"
"NEIL3";"nei like DNA glycosylase 3";"55247";"17";"0";"1";"0.000986749"
"NUDT15";"nudix hydrolase 15";"55270";"17";"0";"1";"0.000986749"
"PHF10";"PHD finger protein 10";"55274";"18";"0";"1";"0.001387913"
"CWF19L1";"CWF19 like cell cycle control factor 1";"55280";"16";"0";"1";"0.000680977"
"TBC1D19";"TBC1 domain family member 19";"55296";"18";"1";"0";"0.000843996"
"BRIX1";"biogenesis of ribosomes BRX1";"55299";"18";"0";"1";"0.0000198"
"CPPED1";"calcineurin like phosphoesterase domain containing 1";"55313";"15";"1";"0";"0.002324938"
"TMA16";"translation machinery associated 16 homolog";"55319";"19";"0";"1";"0.000032"
"MIS18BP1";"MIS18 binding protein 1";"55320";"18";"0";"1";"0.00018442"
"MNS1";"meiosis specific nuclear structural 1";"55329";"17";"0";"1";"0.0000118"
"DRAM1";"DNA damage regulated autophagy modulator 1";"55332";"19";"1";"0";"0.001163626"
"HJURP";"Holliday junction recognition protein";"55355";"20";"0";"1";"0.0000000019"
"STYK1";"serine/threonine/tyrosine kinase 1";"55359";"15";"1";"0";"0.000271213"
"MCM10";"minichromosome maintenance 10 replication initiation factor";"55388";"15";"0";"1";"0.00000356"
"TNFRSF19";"TNF receptor superfamily member 19";"55504";"18";"0";"1";"0.0000198"
"CDCA7L";"cell division cycle associated 7 like";"55536";"15";"0";"1";"0.000453984"
"PLXNA3";"plexin A3";"55558";"20";"1";"0";"0.00000237"
"HAUS7";"HAUS augmin like complex subunit 7";"55559";"10";"0";"1";"0.004356126"
"POMGNT1";"protein O-linked mannose N-acetylglucosaminyltransferase 1 (beta 1,2-)";"55624";"19";"1";"0";"0.001163626"
"G2E3";"G2/M-phase specific E3 ubiquitin protein ligase";"55632";"19";"0";"1";"0.000032"
"DEPDC1";"DEP domain containing 1";"55635";"20";"0";"1";"0.000000449"
"LYAR";"Ly1 antibody reactive";"55646";"18";"0";"1";"0.00000172"
"TMEM127";"transmembrane protein 127";"55654";"18";"1";"0";"0.000101565"
"NDC1";"NDC1 transmembrane nucleoporin";"55706";"19";"0";"1";"0.00000306"
"IQCC";"IQ motif containing C";"55721";"15";"0";"1";"0.000453984"
"ASF1B";"anti-silencing function 1B histone chaperone";"55723";"18";"0";"1";"0.00000172"
"HHAT";"hedgehog acyltransferase";"55733";"19";"1";"0";"0.001163626"
"EDEM2";"ER degradation enhancing alpha-mannosidase like protein 2";"55741";"19";"1";"0";"0.001163626"
"TMEM30A";"transmembrane protein 30A";"55754";"17";"1";"0";"0.000596519"
"CDK5RAP2";"CDK5 regulatory subunit associated protein 2";"55755";"20";"0";"1";"0.002548858"
"PRR11";"proline rich 11";"55771";"18";"0";"1";"0.00000172"
"DEPDC1B";"DEP domain containing 1B";"55789";"17";"0";"1";"0.000120396"
"CENPJ";"centromere protein J";"55835";"18";"0";"1";"0.00018442"
"CENPN";"centromere protein N";"55839";"18";"0";"1";"0.00018442"
"PBK";"PDZ binding kinase";"55872";"20";"0";"1";"0.0000000000925"
"NXT2";"nuclear transport factor 2 like export factor 2";"55916";"17";"0";"1";"0.000986749"
"SULF2";"sulfatase 2";"55959";"15";"1";"0";"0.002324938"
"BAIAP2L1";"BAR/IMD domain containing adaptor protein 2 like 1";"55971";"17";"1";"0";"0.004278705"
"SLC25A40";"solute carrier family 25 member 40";"55972";"19";"0";"1";"0.001902323"
"PCDHB8";"protocadherin beta 8";"56128";"14";"1";"0";"0.001640363"
"PCDHB2";"protocadherin beta 2";"56133";"16";"1";"0";"0.003195709"
"FAM214A";"family with sequence similarity 214 member A";"56204";"17";"1";"0";"0.000000413"
"NPDC1";"neural proliferation, differentiation and control 1";"56654";"17";"1";"0";"0.0000659"
"TMEM9B";"TMEM9 domain family member B";"56674";"20";"1";"0";"0.0000251"
"EMC7";"ER membrane protein complex subunit 7";"56851";"15";"1";"0";"0.002324938"
"MAP3K7CL";"MAP3K7 C-terminal like";"56911";"18";"1";"0";"0.00000986"
"LXN";"latexin";"56925";"15";"0";"1";"0.003525589"
"CMC2";"C-X9-C motif containing 2";"56942";"20";"0";"1";"0.00039374"
"ENY2";"ENY2 transcription and export complex 2 subunit";"56943";"19";"0";"1";"0.001902323"
"OLFML3";"olfactomedin like 3";"56944";"19";"0";"1";"0.00000024"
"PRTFDC1";"phosphoribosyl transferase domain containing 1";"56952";"18";"0";"1";"0.001387913"
"KIF15";"kinesin family member 15";"56992";"14";"0";"1";"0.0000259"
"SDHAF3";"succinate dehydrogenase complex assembly factor 3";"57001";"19";"0";"1";"0.001902323"
"KNL1";"kinetochore scaffold 1";"57082";"14";"0";"1";"0.002501721"
"PLSCR4";"phospholipid scramblase 4";"57088";"14";"1";"0";"0.001640363"
"TIGAR";"TP53 induced glycolysis regulatory phosphatase";"57103";"15";"1";"0";"0.000271213"
"NUP107";"nucleoporin 107";"57122";"20";"0";"1";"0.000000449"
"SLC44A2";"solute carrier family 44 member 2";"57153";"20";"1";"0";"0.001568256"
"PHTF2";"putative homeodomain transcription factor 2";"57157";"17";"1";"0";"0.004278705"
"ZNFX1";"zinc finger NFX1-type containing 1";"57169";"18";"1";"0";"0.00000986"
"KIAA1191";"KIAA1191";"57179";"19";"1";"0";"0.000151463"
"NIPAL3";"NIPA like domain containing 3";"57185";"20";"1";"0";"0.00021949"
"MCOLN1";"mucolipin 1";"57192";"15";"1";"0";"0.002324938"
"ATP10D";"ATPase phospholipid transporting 10D (putative)";"57205";"15";"1";"0";"0.002324938"
"RCN3";"reticulocalbin 3";"57333";"16";"0";"1";"0.004818595"
"SPC25";"SPC25 component of NDC80 kinetochore complex";"57405";"16";"0";"1";"0.0000757"
"AS3MT";"arsenite methyltransferase";"57412";"8";"0";"1";"0.001637771"
"RHBDD2";"rhomboid domain containing 2";"57414";"19";"1";"0";"0.001163626"
"C3orf14";"chromosome 3 open reading frame 14";"57415";"17";"0";"1";"0.000986749"
"CNOT6";"CCR4-NOT transcription complex subunit 6";"57472";"19";"0";"1";"0.001902323"
"HEG1";"heart development protein with EGF like domains 1";"57493";"20";"1";"0";"0.001568256"
"SERINC1";"serine incorporator 1";"57515";"20";"1";"0";"0.00000237"
"KCTD16";"potassium channel tetramerization domain containing 16";"57528";"17";"1";"0";"0.0000659"
"NCEH1";"neutral cholesterol ester hydrolase 1";"57552";"20";"0";"1";"0.002548858"
"SEMA6A";"semaphorin 6A";"57556";"20";"1";"0";"0.001568256"
"TRMT5";"tRNA methyltransferase 5";"57570";"19";"0";"1";"0.001902323"
"Mar-04";"membrane associated ring-CH-type finger 4";"57574";"18";"1";"0";"0.000843996"
"PCDH10";"protocadherin 10";"57575";"17";"1";"0";"0.00000582"
"CIP2A";"cellular inhibitor of PP2A";"57650";"15";"0";"1";"0.000453984"
"CALCOCO1";"calcium binding and coiled-coil domain 1";"57658";"18";"1";"0";"0.000101565"
"ZBTB4";"zinc finger and BTB domain containing 4";"57659";"20";"1";"0";"0.001568256"
"FANCM";"FA complementation group M";"57697";"17";"0";"1";"0.000986749"
"PCDHB16";"protocadherin beta 16";"57717";"16";"1";"0";"0.000409243"
"LSM2";"LSM2 homolog, U6 small nuclear RNA and mRNA degradation associated";"57819";"17";"0";"1";"0.000120396"
"SQOR";"sulfide quinone oxidoreductase";"58472";"20";"1";"0";"0.001568256"
"RHOU";"ras homolog family member U";"58480";"16";"1";"0";"0.003195709"
"NTN4";"netrin 4";"59277";"21";"1";"0";"0.0000382"
"PLEKHA1";"pleckstrin homology domain containing A1";"59338";"19";"1";"0";"0.001163626"
"TMEM35A";"transmembrane protein 35A";"59353";"16";"1";"0";"0.003195709"
"ABHD4";"abhydrolase domain containing 4, N-acyl phospholipase B";"63874";"19";"1";"0";"0.001163626"
"FAM111A";"family with sequence similarity 111 member A";"63901";"19";"0";"1";"0.000032"
"CLSPN";"claspin";"63967";"19";"0";"1";"0.00000306"
"FIGNL1";"fidgetin like 1";"63979";"17";"0";"1";"0.000000923"
"PERP";"p53 apoptosis effector related to PMP22";"64065";"20";"1";"0";"0.00000237"
"CENPK";"centromere protein K";"64105";"15";"0";"1";"0.000000218"
"TMBIM1";"transmembrane BAX inhibitor motif containing 1";"64114";"9";"1";"0";"0.001952841"
"IFIH1";"interferon induced with helicase C domain 1";"64135";"17";"1";"0";"0.004278705"
"NCAPG";"non-SMC condensin I complex subunit G";"64151";"16";"0";"1";"0.000000465"
"SIL1";"SIL1 nucleotide exchange factor";"64374";"17";"1";"0";"0.004278705"
"ZMAT3";"zinc finger matrin-type 3";"64393";"20";"1";"0";"0.000000012"
"ZDHHC6";"zinc finger DHHC-type palmitoyltransferase 6";"64429";"20";"0";"1";"0.00039374"
"NUCKS1";"nuclear casein kinase and cyclin dependent kinase substrate 1";"64710";"19";"0";"1";"0.001902323"
"MFSD1";"major facilitator superfamily domain containing 1";"64747";"20";"1";"0";"0.0000251"
"SMURF2";"SMAD specific E3 ubiquitin protein ligase 2";"64750";"20";"1";"0";"0.001568256"
"FNDC3B";"fibronectin type III domain containing 3B";"64778";"19";"1";"0";"0.001163626"
"GINS3";"GINS complex subunit 3";"64785";"19";"0";"1";"0.00000306"
"FNDC4";"fibronectin type III domain containing 4";"64838";"19";"1";"0";"0.000016"
"NABP1";"nucleic acid binding protein 1";"64859";"16";"1";"0";"0.000409243"
"NT5DC2";"5'-nucleotidase domain containing 2";"64943";"21";"0";"1";"0.0033472"
"CENPH";"centromere protein H";"64946";"16";"0";"1";"0.000680977"
"MRPS15";"mitochondrial ribosomal protein S15";"64960";"20";"0";"1";"0.00039374"
"MRPS9";"mitochondrial ribosomal protein S9";"64965";"17";"0";"1";"0.006415198"
"MRPL11";"mitochondrial ribosomal protein L11";"65003";"19";"0";"1";"0.001902323"
"MRPL1";"mitochondrial ribosomal protein L1";"65008";"20";"0";"1";"0.0000000019"
"PINK1";"PTEN induced kinase 1";"65018";"16";"1";"0";"0.0000000103"
"NBEAL1";"neurobeachin like 1";"65065";"12";"1";"0";"0.000727083"
"MARCKSL1";"MARCKS like 1";"65108";"19";"0";"1";"0.000273358"
"RASL11B";"RAS like family 11 member B";"65997";"17";"0";"1";"0.006415198"
"VKORC1";"vitamin K epoxide reductase complex subunit 1";"79001";"19";"1";"0";"0.001163626"
"MIS12";"MIS12 kinetochore complex component";"79003";"19";"0";"1";"0.001902323"
"DDA1";"DET1 and DDB1 associated 1";"79016";"19";"1";"0";"0.001163626"
"GGCT";"gamma-glutamylcyclotransferase";"79017";"20";"0";"1";"0.00039374"
"CENPM";"centromere protein M";"79019";"19";"0";"1";"0.00000024"
"NUP37";"nucleoporin 37";"79023";"19";"0";"1";"0.00000306"
"DSCC1";"DNA replication and sister chromatid cohesion 1";"79075";"17";"0";"1";"0.000986749"
"MLPH";"melanophilin";"79083";"17";"0";"1";"0.006415198"
"MFSD11";"major facilitator superfamily domain containing 11";"79157";"18";"1";"0";"0.000101565"
"PAGR1";"PAXIP1 associated glutamate rich protein 1";"79447";"14";"0";"1";"0.00029058"
"OGFRL1";"opioid growth factor receptor like 1";"79627";"19";"1";"0";"0.001163626"
"CENPU";"centromere protein U";"79682";"20";"0";"1";"0.0000000321"
"SUV39H2";"suppressor of variegation 3-9 homolog 2";"79723";"19";"0";"1";"0.000273358"
"NARS2";"asparaginyl-tRNA synthetase 2, mitochondrial";"79731";"19";"0";"1";"0.00000306"
"E2F8";"E2F transcription factor 8";"79733";"17";"0";"1";"0.0000118"
"ECHDC3";"enoyl-CoA hydratase domain containing 3";"79746";"19";"0";"1";"0.001902323"
"ZFAND1";"zinc finger AN1-type containing 1";"79752";"16";"0";"1";"0.004818595"
"ZFHX4";"zinc finger homeobox 4";"79776";"19";"0";"1";"0.000273358"
"SUGCT";"succinyl-CoA:glutarate-CoA transferase";"79783";"19";"1";"0";"0.000016"
"GSDMD";"gasdermin D";"79792";"15";"0";"1";"0.003525589"
"SHCBP1";"SHC binding and spindle associated 1";"79801";"17";"0";"1";"0.000000923"
"QSER1";"glutamine and serine rich 1";"79832";"20";"0";"1";"0.002548858"
"GEMIN6";"gem nuclear organelle associated protein 6";"79833";"15";"0";"1";"0.003525589"
"PIP4K2C";"phosphatidylinositol-5-phosphate 4-kinase type 2 gamma";"79837";"14";"1";"0";"0.001640363"
"BORA";"BORA aurora kinase A activator";"79866";"19";"0";"1";"0.000032"
"MCMBP";"minichromosome maintenance complex binding protein";"79892";"18";"0";"1";"0.001387913"
"NUP85";"nucleoporin 85";"79902";"16";"0";"1";"0.00000666"
"ACTR5";"actin related protein 5";"79913";"16";"0";"1";"0.000680977"
"SCD5";"stearoyl-CoA desaturase 5";"79966";"19";"1";"0";"0.000016"
"WDR76";"WD repeat domain 76";"79968";"18";"0";"1";"0.00000172"
"DSN1";"DSN1 component of MIS12 kinetochore complex";"79980";"16";"0";"1";"0.000680977"
"RMI1";"RecQ mediated genome instability 1";"80010";"19";"0";"1";"0.001902323"
"MYO19";"myosin XIX";"80179";"19";"0";"1";"0.000273358"
"ARMC9";"armadillo repeat containing 9";"80210";"17";"1";"0";"0.004278705"
"COQ10B";"coenzyme Q10B";"80219";"18";"1";"0";"0.000843996"
"WDR26";"WD repeat domain 26";"80232";"20";"1";"0";"0.001568256"
"PIGZ";"phosphatidylinositol glycan anchor biosynthesis class Z";"80235";"15";"1";"0";"0.000271213"
"SLC35F5";"solute carrier family 35 member F5";"80255";"20";"1";"0";"0.00021949"
"FAM214B";"family with sequence similarity 214 member B";"80256";"19";"1";"0";"0.000151463"
"CEP70";"centrosomal protein 70";"80321";"19";"0";"1";"0.000273358"
"ULBP2";"UL16 binding protein 2";"80328";"15";"1";"0";"0.002324938"
"PDCD1LG2";"programmed cell death 1 ligand 2";"80380";"15";"1";"0";"0.002324938"
"COLEC12";"collectin subfamily member 12";"81035";"19";"0";"1";"0.000273358"
"ITFG1";"integrin alpha FG-GAP repeat containing 1";"81533";"20";"1";"0";"0.00021949"
"FAM83D";"family with sequence similarity 83 member D";"81610";"17";"0";"1";"0.0000118"
"ANP32E";"acidic nuclear phosphoprotein 32 family member E";"81611";"19";"0";"1";"0.00000306"
"CDT1";"chromatin licensing and DNA replication factor 1";"81620";"17";"0";"1";"0.000120396"
"MAP1LC3B";"microtubule associated protein 1 light chain 3 beta";"81631";"15";"1";"0";"0.0000246"
"REXO5";"RNA exonuclease 5";"81691";"17";"0";"1";"0.000986749"
"NETO2";"neuropilin and tolloid like 2";"81831";"17";"0";"1";"0.000986749"
"SEH1L";"SEH1 like nucleoporin";"81929";"19";"0";"1";"0.000032"
"KIF18A";"kinesin family member 18A";"81930";"15";"0";"1";"0.000453984"
"CDCA3";"cell division cycle associated 3";"83461";"20";"0";"1";"0.00000519"
"APH1B";"aph-1 homolog B, gamma-secretase subunit";"83464";"17";"1";"0";"0.004278705"
"NUF2";"NUF2 component of NDC80 kinetochore complex";"83540";"19";"0";"1";"0.000000000816"
"BCL2L12";"BCL2 like 12";"83596";"13";"0";"1";"0.001712028"
"TMEM47";"transmembrane protein 47";"83604";"20";"1";"0";"0.0000251"
"DYNLRB2";"dynein light chain roadblock-type 2";"83657";"15";"1";"0";"0.002324938"
"CRISPLD1";"cysteine rich secretory protein LCCL domain containing 1";"83690";"17";"0";"1";"0.006415198"
"TMTC1";"transmembrane O-mannosyltransferase targeting cadherins 1";"83857";"20";"1";"0";"0.0000251"
"CDCA7";"cell division cycle associated 7";"83879";"18";"0";"1";"0.000000007"
"KRTAP1-5";"keratin associated protein 1-5";"83895";"13";"1";"0";"0.001116149"
"HASPIN";"histone H3 associated protein kinase";"83903";"16";"0";"1";"0.004818595"
"TM2D1";"TM2 domain containing 1";"83941";"18";"1";"0";"0.000843996"
"CCDC8";"coiled-coil domain containing 8";"83987";"16";"0";"1";"0.0000757"
"BRIP1";"BRCA1 interacting protein C-terminal helicase 1";"83990";"18";"0";"1";"0.0000198"
"EMILIN2";"elastin microfibril interfacer 2";"84034";"17";"0";"1";"0.000120396"
"MND1";"meiotic nuclear divisions 1";"84057";"16";"0";"1";"0.00000666"
"WDR54";"WD repeat domain 54";"84058";"17";"0";"1";"0.006415198"
"WDR75";"WD repeat domain 75";"84128";"16";"0";"1";"0.004818595"
"CEP78";"centrosomal protein 78";"84131";"17";"0";"1";"0.006415198"
"ANTXR1";"ANTXR cell adhesion molecule 1";"84168";"21";"1";"0";"0.000000332"
"MEX3B";"mex-3 RNA binding family member B";"84206";"17";"0";"1";"0.006415198"
"LRRC8C";"leucine rich repeat containing 8 VRAC subunit C";"84230";"20";"0";"1";"0.00039374"
"SGIP1";"SH3GL interacting endocytic adaptor 1";"84251";"20";"1";"0";"0.00000237"
"PSMG3";"proteasome assembly chaperone 3";"84262";"18";"0";"1";"0.001387913"
"C9orf64";"chromosome 9 open reading frame 64";"84267";"15";"0";"1";"0.003525589"
"FAM213A";"peroxiredoxin like 2A";"84293";"18";"0";"1";"0.00018442"
"GINS4";"GINS complex subunit 4";"84296";"14";"0";"1";"0.00029058"
"CCDC77";"coiled-coil domain containing 77";"84318";"17";"0";"1";"0.006415198"
"CMSS1";"cms1 ribosomal small subunit homolog";"84319";"14";"0";"1";"0.0000259"
"CYSTM1";"cysteine rich transmembrane module containing 1";"84418";"18";"1";"0";"0.000843996"
"C15orf48";"chromosome 15 open reading frame 48";"84419";"16";"1";"0";"0.003195709"
"MCM8";"minichromosome maintenance 8 homologous recombination repair factor";"84515";"17";"0";"1";"0.000986749"
"PGBD1";"piggyBac transposable element derived 1";"84547";"16";"0";"1";"0.004818595"
"GNPTG";"N-acetylglucosamine-1-phosphate transferase subunit gamma";"84572";"19";"1";"0";"0.000151463"
"SLC9A7";"solute carrier family 9 member A7";"84679";"18";"1";"0";"0.0000000497"
"MGARP";"mitochondria localized glutamic acid rich protein";"84709";"15";"1";"0";"0.002324938"
"PSRC1";"proline and serine rich coiled-coil 1";"84722";"19";"0";"1";"0.00000306"
"C19orf48";"chromosome 19 open reading frame 48";"84798";"12";"0";"1";"0.000101781"
"BUD13";"BUD13 homolog";"84811";"19";"0";"1";"0.001902323"
"LMNB2";"lamin B2";"84823";"19";"0";"1";"0.00000024"
"C1orf198";"chromosome 1 open reading frame 198";"84886";"19";"1";"0";"0.000016"
"PLXDC2";"plexin domain containing 2";"84898";"19";"1";"0";"0.000151463"
"MASTL";"microtubule associated serine/threonine kinase like";"84930";"16";"0";"1";"0.004818595"
"PRPF38A";"pre-mRNA processing factor 38A";"84950";"17";"0";"1";"0.000120396"
"NUDCD1";"NudC domain containing 1";"84955";"18";"0";"1";"0.00018442"
"FBXL20";"F-box and leucine rich repeat protein 20";"84961";"19";"1";"0";"0.001163626"
"HIST1H2BK";"H2B clustered histone 12";"85236";"18";"1";"0";"0.00000000258"
"TANC1";"tetratricopeptide repeat, ankyrin repeat and coiled-coil containing 1";"85461";"13";"1";"0";"0.001116149"
"WDR34";"WD repeat domain 34";"89891";"19";"0";"1";"0.00000306"
"SAPCD2";"suppressor APC domain containing 2";"89958";"18";"0";"1";"0.000000122"
"MED30";"mediator complex subunit 30";"90390";"15";"0";"1";"0.000453984"
"MCFD2";"multiple coagulation factor deficiency 2, ER cargo receptor complex subunit";"90411";"15";"1";"0";"0.002324938"
"KNSTRN";"kinetochore localized astrin (SPAG5) binding protein";"90417";"19";"0";"1";"0.001902323"
"ERI1";"exoribonuclease 1";"90459";"20";"0";"1";"0.0000498"
"JPT2";"Jupiter microtubule associated homolog 2";"90861";"18";"0";"1";"0.001387913"
"PKDCC";"protein kinase domain containing, cytoplasmic";"91461";"14";"0";"1";"0.00029058"
"SLFN11";"schlafen family member 11";"91607";"16";"0";"1";"0.0000757"
"NEXN";"nexilin F-actin binding protein";"91624";"19";"1";"0";"0.000016"
"LONRF1";"LON peptidase N-terminal domain and ring finger 1";"91694";"17";"0";"1";"0.006415198"
"NXPE3";"neurexophilin and PC-esterase domain family member 3";"91775";"14";"1";"0";"0.001640363"
"CALML4";"calmodulin like 4";"91860";"14";"0";"1";"0.002501721"
"ARRDC4";"arrestin domain containing 4";"91947";"15";"1";"0";"0.000271213"
"ZNF300";"zinc finger protein 300";"91975";"16";"0";"1";"0.004818595"
"LMBRD2";"LMBR1 domain containing 2";"92255";"16";"1";"0";"0.003195709"
"FANK1";"fibronectin type III and ankyrin repeat domains 1";"92565";"16";"1";"0";"0.003195709"
"TIFA";"TRAF interacting protein with forkhead associated domain";"92610";"19";"0";"1";"0.001902323"
"DNER";"delta/notch like EGF repeat containing";"92737";"16";"1";"0";"0.003195709"
"SLC38A5";"solute carrier family 38 member 5";"92745";"16";"0";"1";"0.004818595"
"TEX30";"testis expressed 30";"93081";"19";"0";"1";"0.000032"
"PGAP3";"post-GPI attachment to proteins phospholipase 3";"93210";"19";"1";"0";"0.001163626"
"HAUS8";"HAUS augmin like complex subunit 8";"93323";"17";"0";"1";"0.0000118"
"HTRA3";"HtrA serine peptidase 3";"94031";"19";"0";"1";"0.001902323"
"ORMDL3";"ORMDL sphingolipid biosynthesis regulator 3";"94103";"19";"1";"0";"0.001163626"
"H2AFV";"H2A.Z variant histone 2";"94239";"20";"0";"1";"0.002548858"
"TP53INP1";"tumor protein p53 inducible nuclear protein 1";"94241";"19";"1";"0";"0.00000000575"
"PPP1R14A";"protein phosphatase 1 regulatory inhibitor subunit 14A";"94274";"17";"0";"1";"0.006415198"
"GLMP";"glycosylated lysosomal membrane protein";"112770";"20";"1";"0";"0.001568256"
"MTFR2";"mitochondrial fission regulator 2";"113115";"15";"0";"1";"0.003525589"
"CDCA5";"cell division cycle associated 5";"113130";"18";"0";"1";"0.0000198"
"AHNAK2";"AHNAK nucleoprotein 2";"113146";"16";"1";"0";"0.003195709"
"SAAL1";"serum amyloid A like 1";"113174";"19";"0";"1";"0.000032"
"CYP2U1";"cytochrome P450 family 2 subfamily U member 1";"113612";"19";"1";"0";"0.000151463"
"PIK3IP1";"phosphoinositide-3-kinase interacting protein 1";"113791";"18";"1";"0";"0.000000000107"
"FBXO32";"F-box protein 32";"114907";"19";"1";"0";"0.000016"
"CGAS";"cyclic GMP-AMP synthase";"115004";"16";"0";"1";"0.004818595"
"HAUS1";"HAUS augmin like complex subunit 1";"115106";"18";"0";"1";"0.00018442"
"ATG4A";"autophagy related 4A cysteine peptidase";"115201";"17";"1";"0";"0.000596519"
"DDIT4L";"DNA damage inducible transcript 4 like";"115265";"19";"0";"1";"0.001902323"
"FAM46B";"terminal nucleotidyltransferase 5B";"115572";"19";"0";"1";"0.001902323"
"DIS3L";"DIS3 like exosome 3'-5' exoribonuclease";"115752";"17";"0";"1";"0.000986749"
"DHRS1";"dehydrogenase/reductase 1";"115817";"20";"1";"0";"0.001568256"
"RMI2";"RecQ mediated genome instability 2";"116028";"16";"0";"1";"0.000680977"
"GINM1";"glycoprotein integral membrane 1";"116254";"20";"1";"0";"0.00021949"
"TSEN15";"tRNA splicing endonuclease subunit 15";"116461";"19";"0";"1";"0.00000024"
"FAM129A";"niban apoptosis regulator 1";"116496";"19";"0";"1";"0.000273358"
"RPL39L";"ribosomal protein L39 like";"116832";"15";"0";"1";"0.000453984"
"SSX2IP";"SSX family member 2 interacting protein";"117178";"19";"0";"1";"0.001902323"
"TRIM6";"tripartite motif containing 6";"117854";"11";"0";"1";"0.000696728"
"ZNF511";"zinc finger protein 511";"118472";"17";"0";"1";"0.000986749"
"C12orf45";"chromosome 12 open reading frame 45";"121053";"16";"0";"1";"0.000680977"
"ALKBH2";"alkB homolog 2, alpha-ketoglutarate dependent dioxygenase";"121642";"14";"0";"1";"0.00029058"
"FRMD6";"FERM domain containing 6";"122786";"20";"1";"0";"0.00021949"
"FOPNL";"centrosomal protein 20";"123811";"20";"0";"1";"0.00039374"
"PAQR4";"progestin and adipoQ receptor family member 4";"124222";"16";"0";"1";"0.004818595"
"SLC43A2";"solute carrier family 43 member 2";"124935";"17";"1";"0";"0.000596519"
"CYB5D2";"cytochrome b5 domain containing 2";"124936";"17";"1";"0";"0.0000659"
"WDR63";"WD repeat domain 63";"126820";"14";"1";"0";"0.001640363"
"TPRG1L";"tumor protein p63 regulated 1 like";"127262";"20";"1";"0";"0.00021949"
"TANGO2";"transport and golgi organization 2 homolog";"128989";"15";"1";"0";"0.000271213"
"NUP35";"nucleoporin 35";"129401";"18";"0";"1";"0.001387913"
"UBR3";"ubiquitin protein ligase E3 component n-recognin 3";"130507";"18";"1";"0";"0.000843996"
"CCDC58";"coiled-coil domain containing 58";"131076";"15";"0";"1";"0.003525589"
"FAM43A";"family with sequence similarity 43 member A";"131583";"15";"1";"0";"0.002324938"
"SPATA18";"spermatogenesis associated 18";"132671";"14";"1";"0";"0.000172564"
"JMY";"junction mediating and regulatory protein, p53 cofactor";"133746";"18";"1";"0";"0.000101565"
"PM20D2";"peptidase M20 domain containing 2";"135293";"16";"0";"1";"0.004818595"
"DOCK11";"dedicator of cytokinesis 11";"139818";"19";"0";"1";"0.001902323"
"SELENOM";"selenoprotein M";"140606";"15";"1";"0";"0.002324938"
"BRI3BP";"BRI3 binding protein";"140707";"11";"0";"1";"0.000696728"
"LACC1";"laccase domain containing 1";"144811";"16";"1";"0";"0.000409243"
"CEP128";"centrosomal protein 128";"145508";"15";"0";"1";"0.000453984"
"KIF18B";"kinesin family member 18B";"146909";"12";"0";"1";"0.001121691"
"CCBE1";"collagen and calcium binding EGF domains 1";"147372";"19";"0";"1";"0.001902323"
"ANKRD29";"ankyrin repeat domain 29";"147463";"18";"1";"0";"0.000843996"
"C19orf18";"chromosome 19 open reading frame 18";"147685";"15";"1";"0";"0.002324938"
"ZNF582";"zinc finger protein 582";"147948";"16";"1";"0";"0.000409243"
"CKAP2L";"cytoskeleton associated protein 2 like";"150468";"17";"0";"1";"0.000120396"
"ARL6IP6";"ADP ribosylation factor like GTPase 6 interacting protein 6";"151188";"18";"0";"1";"0.001387913"
"SGO2";"shugoshin 2";"151246";"17";"0";"1";"0.000120396"
"GPR155";"G protein-coupled receptor 155";"151556";"17";"1";"0";"0.000000413"
"SGO1";"shugoshin 1";"151648";"15";"0";"1";"0.000453984"
"CREBRF";"CREB3 regulatory factor";"153222";"18";"1";"0";"0.000101565"
"MBOAT1";"membrane bound O-acyltransferase domain containing 1";"154141";"16";"0";"1";"0.000680977"
"BMT2";"base methyltransferase of 25S rRNA 2 homolog";"154743";"19";"1";"0";"0.001163626"
"CDCA2";"cell division cycle associated 2";"157313";"18";"0";"1";"0.000000122"
"ESCO2";"establishment of sister chromatid cohesion N-acetyltransferase 2";"157570";"16";"0";"1";"0.000680977"
"LINGO2";"leucine rich repeat and Ig domain containing 2";"158038";"16";"1";"0";"0.003195709"
"ITPRIPL2";"ITPRIP like 2";"162073";"17";"1";"0";"0.004278705"
"ZNF610";"zinc finger protein 610";"162963";"16";"1";"0";"0.000409243"
"APCDD1L";"APC down-regulated 1 like";"164284";"16";"0";"1";"0.004818595"
"CCDC138";"coiled-coil domain containing 138";"165055";"18";"0";"1";"0.001387913"
"RNF168";"ring finger protein 168";"165918";"16";"0";"1";"0.000680977"
"PRICKLE2";"prickle planar cell polarity protein 2";"166336";"18";"1";"0";"0.000843996"
"ADGRA3";"adhesion G protein-coupled receptor A3";"166647";"14";"0";"1";"0.002501721"
"OLFML2A";"olfactomedin like 2A";"169611";"17";"0";"1";"0.006415198"
"ABHD3";"abhydrolase domain containing 3, phospholipase";"171586";"17";"0";"1";"0.000986749"
"ZNF367";"zinc finger protein 367";"195828";"18";"0";"1";"0.0000198"
"PLPP4";"phospholipid phosphatase 4";"196051";"12";"1";"0";"0.000727083"
"RPL22L1";"ribosomal protein L22 like 1";"200916";"16";"0";"1";"0.000000465"
"PRIMPOL";"primase and DNA directed polymerase";"201973";"17";"0";"1";"0.000986749"
"CMYA5";"cardiomyopathy associated 5";"202333";"16";"1";"0";"0.000409243"
"TUBB";"tubulin beta class I";"203068";"18";"0";"1";"0.00018442"
"FAM219A";"family with sequence similarity 219 member A";"203259";"16";"1";"0";"0.003195709"
"SAMD9L";"sterile alpha motif domain containing 9 like";"219285";"18";"1";"0";"0.000101565"
"PLAC9";"placenta associated 9";"219348";"10";"0";"1";"0.004356126"
"HYLS1";"HYLS1 centriolar and ciliogenesis associated";"219844";"19";"0";"1";"0.00000024"
"CYB561A3";"cytochrome b561 family member A3";"220002";"17";"1";"0";"0.004278705"
"DDIAS";"DNA damage induced apoptosis suppressor";"220042";"18";"0";"1";"0.00018442"
"SKA1";"spindle and kinetochore associated complex subunit 1";"220134";"17";"0";"1";"0.000000923"
"OTUD1";"OTU deubiquitinase 1";"220213";"17";"1";"0";"0.004278705"
"HNRNPA3";"heterogeneous nuclear ribonucleoprotein A3";"220988";"16";"0";"1";"0.000000465"
"SKA3";"spindle and kinetochore associated complex subunit 3";"221150";"19";"0";"1";"0.000000000816"
"CPNE2";"copine 2";"221184";"14";"0";"1";"0.002501721"
"TMEM217";"transmembrane protein 217";"221468";"18";"1";"0";"0.000000777"
"RBM24";"RNA binding motif protein 24";"221662";"15";"1";"0";"0.002324938"
"DAGLB";"diacylglycerol lipase beta";"221955";"19";"1";"0";"0.000016"
"SCUBE3";"signal peptide, CUB domain and EGF like domain containing 3";"222663";"17";"1";"0";"0.004278705"
"MAMDC2";"MAM domain containing 2";"256691";"19";"1";"0";"0.000151463"
"ASPM";"assembly factor for spindle microtubules";"259266";"16";"0";"1";"0.00000666"
"NAP1L5";"nucleosome assembly protein 1 like 5";"266812";"17";"1";"0";"0.000596519"
"SLC25A45";"solute carrier family 25 member 45";"283130";"16";"1";"0";"0.003195709"
"PGM2L1";"phosphoglucomutase 2 like 1";"283209";"17";"1";"0";"0.00000582"
"CD163L1";"CD163 molecule like 1";"283316";"16";"1";"0";"0.0000412"
"GAS2L3";"growth arrest specific 2 like 3";"283431";"15";"0";"1";"0.000453984"
"SLC46A3";"solute carrier family 46 member 3";"283537";"19";"1";"0";"0.000151463"
"CEP57L1";"centrosomal protein 57 like 1";"285753";"17";"0";"1";"0.006415198"
"DCBLD1";"discoidin, CUB and LCCL domain containing 1";"285761";"17";"1";"0";"0.000596519"
"TUSC1";"tumor suppressor candidate 1";"286319";"14";"0";"1";"0.00029058"
"TRIM59";"tripartite motif containing 59";"286827";"14";"0";"1";"0.002501721"
"TMEM119";"transmembrane protein 119";"338773";"18";"0";"1";"0.0000198"
"C1orf174";"chromosome 1 open reading frame 174";"339448";"14";"0";"1";"0.002501721"
"NRBP2";"nuclear receptor binding protein 2";"340371";"13";"1";"0";"0.000104577"
"NCKAP5";"NCK associated protein 5";"344148";"14";"1";"0";"0.001640363"
"CAVIN4";"caveolae associated protein 4";"347273";"10";"1";"0";"0.003081857"
"SERINC2";"serine incorporator 2";"347735";"20";"1";"0";"0.001568256"
"RBPMS2";"RNA binding protein, mRNA processing factor 2";"348093";"18";"0";"1";"0.00018442"
"SKA2";"spindle and kinetochore associated complex subunit 2";"348235";"18";"0";"1";"0.00018442"
"GEN1";"GEN1 Holliday junction 5' flap endonuclease";"348654";"18";"0";"1";"0.001387913"
"CASTOR3";"CASTOR family member 3";"352954";"15";"1";"0";"0.000271213"
"RFLNB";"refilin B";"359845";"19";"0";"1";"0.001902323"
"FAM111B";"family with sequence similarity 111 member B";"374393";"18";"0";"1";"0.00018442"
"KCTD4";"potassium channel tetramerization domain containing 4";"386618";"17";"1";"0";"0.004278705"
"CENPW";"centromere protein W";"387103";"14";"0";"1";"0.0000259"
"C11orf96";"chromosome 11 open reading frame 96";"387763";"15";"1";"0";"0.002324938"
"CCDC9B";"coiled-coil domain containing 9B";"388115";"14";"1";"0";"0.001640363"
"ZNF662";"zinc finger protein 662";"389114";"13";"0";"1";"0.0000138"
"C5orf46";"chromosome 5 open reading frame 46";"389336";"18";"1";"0";"0.000843996"
"ARHGEF37";"Rho guanine nucleotide exchange factor 37";"389337";"18";"1";"0";"0.000843996"
"SHC4";"SHC adaptor protein 4";"399694";"17";"1";"0";"0.004278705"
"C8orf59";"ribosomal biogenesis factor";"401466";"18";"0";"1";"0.00018442"
"SAMD12";"sterile alpha motif domain containing 12";"401474";"17";"1";"0";"0.004278705"
"HACD4";"3-hydroxyacyl-CoA dehydratase 4";"401494";"14";"0";"1";"0.002501721"
"MXRA7";"matrix remodeling associated 7";"439921";"18";"1";"0";"0.0000000497"
"MZT1";"mitotic spindle organizing protein 1";"440145";"16";"0";"1";"0.0000757"
"TSPAN11";"tetraspanin 11";"441631";"17";"1";"0";"0.004278705"
"IGIP";"IgA inducing protein";"492311";"17";"1";"0";"0.004278705"
"EIF3CL";"eukaryotic translation initiation factor 3 subunit C like";"728689";"5";"0";"1";"0.003601738"
"FAM72D";"family with sequence similarity 72 member D";"728833";"6";"0";"1";"0.0000124"
"C8orf88";"chromosome 8 open reading frame 88";"100127983";"12";"0";"1";"0.001121691"
"TMEM178B";"transmembrane protein 178B";"100507421";"12";"1";"0";"0.0000597"
